Date,PM2.5,PM10,NO2,SO2,CO,O3,AQI,dayofweek,month,season,month_sin,month_cos,AQI_lag1,AQI_lag2,AQI_lag3,AQI_lag7,AQI_roll7_mean,AQI_roll7_std,target_1d,target_2d
2018-05-11,23.57,71.8,25.71,24.83,1.26,36.59,73.0,4,5,1,0.49999999999999994,-0.8660254037844387,77.0,84.0,82.0,73.0,76.42857142857143,4.755948656056711,86.0,90.0
2018-05-12,31.18,91.26,20.17,25.71,1.23,33.41,86.0,5,5,1,0.49999999999999994,-0.8660254037844387,73.0,77.0,84.0,73.0,78.28571428571429,5.648430038936652,90.0,70.0
2018-05-13,24.22,79.1,30.02,21.32,1.36,39.09,90.0,6,5,1,0.49999999999999994,-0.8660254037844387,86.0,73.0,77.0,73.0,80.71428571428571,6.575568054403757,70.0,64.0
2018-05-14,21.81,44.13,18.5,22.25,1.25,36.71,70.0,0,5,1,0.49999999999999994,-0.8660254037844387,90.0,86.0,73.0,73.0,80.28571428571429,7.227592630889984,64.0,64.0
2018-05-15,14.93,52.51,18.23,20.01,1.22,35.06,64.0,1,5,1,0.49999999999999994,-0.8660254037844387,70.0,90.0,86.0,82.0,77.71428571428571,9.393513466115603,64.0,66.0
2018-05-16,17.86,45.85,20.33,20.6,1.21,30.81,64.0,2,5,1,0.49999999999999994,-0.8660254037844387,64.0,70.0,90.0,84.0,74.85714285714286,10.172324733127152,66.0,85.0
2018-05-17,24.73,74.2,18.24,15.89,1.25,40.12,66.0,3,5,1,0.49999999999999994,-0.8660254037844387,64.0,64.0,70.0,77.0,73.28571428571429,10.625665245280492,85.0,83.0
2018-05-18,24.09,72.98,28.27,20.46,1.27,39.23,85.0,4,5,1,0.49999999999999994,-0.8660254037844387,66.0,64.0,64.0,73.0,75.0,11.503622617824925,83.0,90.0
2018-05-19,23.97,88.35,23.79,24.61,1.32,34.83,83.0,5,5,1,0.49999999999999994,-0.8660254037844387,85.0,66.0,64.0,86.0,74.57142857142857,11.073348527841409,90.0,76.0
2018-05-20,20.7,81.14,21.97,22.61,1.34,45.24,90.0,6,5,1,0.49999999999999994,-0.8660254037844387,83.0,85.0,66.0,90.0,74.57142857142857,11.073348527841409,76.0,90.0
2018-05-21,19.01,79.33,19.69,24.7,1.27,43.26,76.0,0,5,1,0.49999999999999994,-0.8660254037844387,90.0,83.0,85.0,70.0,75.42857142857143,10.89123719414133,90.0,81.0
2018-05-22,21.85,89.75,25.23,22.67,1.32,44.85,90.0,1,5,1,0.49999999999999994,-0.8660254037844387,76.0,90.0,83.0,64.0,79.14285714285714,10.776959550024161,81.0,92.0
2018-05-23,24.32,93.09,15.9,23.83,1.31,53.32,81.0,2,5,1,0.49999999999999994,-0.8660254037844387,90.0,76.0,90.0,64.0,81.57142857142857,8.462803768199247,92.0,75.0
2018-05-24,22.76,88.41,16.08576923076923,20.43,1.19,50.68,92.0,3,5,1,0.49999999999999994,-0.8660254037844387,81.0,90.0,76.0,66.0,85.28571428571429,5.765248931147281,75.0,51.0
2018-05-25,15.38,56.32,16.271538461538462,20.99,1.06,49.28,75.0,4,5,1,0.49999999999999994,-0.8660254037844387,92.0,81.0,90.0,85.0,83.85714285714286,6.962484504556557,51.0,61.0
2018-05-26,18.58,66.74,16.457307692307694,22.34,1.09,50.69,51.0,5,5,1,0.49999999999999994,-0.8660254037844387,75.0,92.0,81.0,83.0,79.28571428571429,14.279522467672434,61.0,118.0
2018-06-15,19.64,55.158,20.17269230769231,22.22,1.1,33.69,77.0,4,6,2,1.2246467991473532e-16,-1.0,59.0,56.0,56.0,86.0,62.642857142857146,8.70207966386145,101.0,118.0
2018-06-16,17.02,57.08,20.35846153846154,29.82,1.44,32.68,101.0,5,6,2,1.2246467991473532e-16,-1.0,77.0,59.0,56.0,72.0,66.78571428571429,16.92103509160799,118.0,125.0
2018-06-17,16.94,70.7,20.54423076923077,23.46,1.52,29.05,118.0,6,6,2,1.2246467991473532e-16,-1.0,101.0,77.0,59.0,63.5,74.57142857142857,25.51376845846927,125.0,88.0
2018-06-18,10.87,31.4,20.73,24.73,1.45,30.8,125.0,0,6,2,1.2246467991473532e-16,-1.0,118.0,101.0,77.0,55.0,84.57142857142857,29.90461025135948,88.0,82.0
2018-06-19,15.87,43.53,27.43,20.43,1.4,35.72,88.0,1,6,2,1.2246467991473532e-16,-1.0,125.0,118.0,101.0,56.0,89.14285714285714,27.12580918257599,82.0,71.0
2018-06-20,25.71,97.45,19.74,19.86,1.42,39.04,82.0,2,6,2,1.2246467991473532e-16,-1.0,88.0,125.0,118.0,56.0,92.85714285714286,23.348294523216403,71.0,75.0
2018-06-21,22.86,82.67,9.35,17.32,1.15,40.96,71.0,3,6,2,1.2246467991473532e-16,-1.0,82.0,88.0,125.0,59.0,94.57142857142857,20.743329392499028,75.0,89.0
2018-06-22,18.09,70.66,8.0,18.99,1.19,44.93,75.0,4,6,2,1.2246467991473532e-16,-1.0,71.0,82.0,88.0,77.0,94.28571428571429,21.037381694769632,89.0,91.0
2018-06-23,17.52,61.23,22.69,20.7,1.45,35.33,89.0,5,6,2,1.2246467991473532e-16,-1.0,75.0,71.0,82.0,101.0,92.57142857142857,20.887453513669737,91.0,77.0
2018-06-24,10.53,41.27,21.7,19.23,1.35,38.32,91.0,6,6,2,1.2246467991473532e-16,-1.0,89.0,75.0,71.0,118.0,88.71428571428571,17.651386024089682,77.0,68.0
2018-06-25,13.38,55.71,9.81,18.61,1.19,48.68,77.0,0,6,2,1.2246467991473532e-16,-1.0,91.0,89.0,75.0,125.0,81.85714285714286,7.755182598937124,68.0,72.0
2018-06-26,22.06,75.33,7.29,18.95,1.17,33.79,68.0,1,6,2,1.2246467991473532e-16,-1.0,77.0,91.0,89.0,88.0,79.0,8.73689494805411,72.0,80.0
2018-06-27,18.54,71.0,14.83,19.25,1.21,34.73,72.0,2,6,2,1.2246467991473532e-16,-1.0,68.0,77.0,91.0,82.0,77.57142857142857,8.978811035936092,80.0,109.0
2018-06-28,19.38,56.8,29.81,19.79,1.4,31.45,80.0,3,6,2,1.2246467991473532e-16,-1.0,72.0,68.0,77.0,71.0,78.85714285714286,8.51329492477446,109.0,78.0
2018-06-29,18.39,67.13,23.55,20.16,1.72,34.69,109.0,4,6,2,1.2246467991473532e-16,-1.0,80.0,72.0,68.0,75.0,83.71428571428571,13.924969009113152,78.0,88.0
2018-06-30,16.59,66.72,20.94,16.63,1.49,28.51,78.0,5,6,2,1.2246467991473532e-16,-1.0,109.0,80.0,72.0,89.0,82.14285714285714,13.849531537547533,88.0,77.0
2018-07-01,13.0,48.23,21.22,19.4,1.49,22.08,88.0,6,7,2,-0.4999999999999997,-0.8660254037844388,78.0,109.0,80.0,91.0,81.71428571428571,13.573433435873739,77.0,89.0
2018-07-02,13.78,48.89,22.09,15.46,1.37,22.38,77.0,0,7,2,-0.4999999999999997,-0.8660254037844388,88.0,78.0,109.0,77.0,81.71428571428571,13.573433435873739,89.0,75.0
2018-07-03,18.5,65.24,25.39,18.02,1.49,26.45,89.0,1,7,2,-0.4999999999999997,-0.8660254037844388,77.0,88.0,78.0,68.0,84.71428571428571,12.297889869326973,75.0,68.0
2018-07-04,14.71,52.86,13.29,15.13,1.17,29.09,75.0,2,7,2,-0.4999999999999997,-0.8660254037844388,89.0,77.0,88.0,72.0,85.14285714285714,11.824107738409843,68.0,72.0
2018-07-05,14.11,73.45,13.32,13.5,1.19,27.65,68.0,3,7,2,-0.4999999999999997,-0.8660254037844388,75.0,89.0,77.0,80.0,83.42857142857143,13.45185418269098,72.0,73.0
2018-07-06,14.53,70.33,15.53,12.65,1.17,26.26,72.0,4,7,2,-0.4999999999999997,-0.8660254037844388,68.0,75.0,89.0,109.0,78.14285714285714,7.819389819088019,73.0,74.0
2018-07-07,12.84,56.35,22.11,12.79,1.27,28.19,73.0,5,7,2,-0.4999999999999997,-0.8660254037844388,72.0,68.0,75.0,78.0,77.42857142857143,8.059303999253363,74.0,71.66666666666667
2018-07-08,12.9,47.595,35.28,15.28,1.41,26.215,74.0,6,7,2,-0.4999999999999997,-0.8660254037844388,73.0,72.0,68.0,88.0,75.42857142857143,6.60447178955653,71.66666666666667,69.33333333333333
2018-07-09,12.96,38.84,32.45,17.77,1.52,24.24,71.66666666666667,0,7,2,-0.4999999999999997,-0.8660254037844388,74.0,73.0,72.0,77.0,74.66666666666666,6.699917080747294,69.33333333333333,67.0
2018-07-10,12.8,46.86,19.41,14.35,1.19,34.86,69.33333333333333,1,7,2,-0.4999999999999997,-0.8660254037844388,71.66666666666667,74.0,73.0,89.0,71.85714285714286,2.4859392952956125,67.0,68.0
2018-07-11,18.15,71.77,16.33,14.69,1.17,27.8,67.0,2,7,2,-0.4999999999999997,-0.8660254037844388,69.33333333333333,71.66666666666667,74.0,75.0,70.71428571428571,2.6347293868250867,68.0,72.0
2018-07-12,15.31,69.04,16.32,12.03,1.16,24.34,68.0,3,7,2,-0.4999999999999997,-0.8660254037844388,67.0,69.33333333333333,71.66666666666667,68.0,70.71428571428571,2.634729386825087,72.0,84.0
2018-07-13,14.72,82.21,17.39,11.33,1.23,25.82,72.0,4,7,2,-0.4999999999999997,-0.8660254037844388,68.0,67.0,69.33333333333333,72.0,70.71428571428571,2.634729386825087,84.0,60.0
2018-07-14,19.26,93.35,16.22,11.48,1.2,26.07,84.0,5,7,2,-0.4999999999999997,-0.8660254037844388,72.0,68.0,67.0,73.0,72.28571428571429,5.710382264653238,60.0,69.0
2018-07-15,13.43,89.58,15.37,11.5,1.16,33.28,60.0,6,7,2,-0.4999999999999997,-0.8660254037844388,84.0,72.0,68.0,74.0,70.28571428571429,7.2531693492201335,69.0,80.0
2018-07-16,15.67,77.37,16.43,11.43,1.17,30.01,69.0,0,7,2,-0.4999999999999997,-0.8660254037844388,60.0,84.0,72.0,71.66666666666667,69.9047619047619,7.2385651476536585,80.0,70.0
2018-07-17,16.43,72.12,16.38,11.99,1.22,28.73,80.0,1,7,2,-0.4999999999999997,-0.8660254037844388,69.0,60.0,84.0,69.33333333333333,71.42857142857143,8.162049229148788,70.0,82.0
2018-07-18,23.32,60.58,17.66,11.67,1.25,25.99,70.0,2,7,2,-0.4999999999999997,-0.8660254037844388,80.0,69.0,60.0,67.0,71.85714285714286,7.967194642795616,82.0,70.0
2018-07-19,46.76,73.6,14.7,9.71,1.2,24.56,82.0,3,7,2,-0.4999999999999997,-0.8660254037844388,70.0,80.0,69.0,68.0,73.85714285714286,8.57182538764008,70.0,66.0
2018-07-20,16.52,67.74,18.31,11.57,1.24,27.49,70.0,4,7,2,-0.4999999999999997,-0.8660254037844388,82.0,70.0,80.0,72.0,73.57142857142857,8.676734079463012,66.0,62.0
2018-07-21,15.0,65.59,16.98,12.14,1.04,29.34,66.0,5,7,2,-0.4999999999999997,-0.8660254037844388,70.0,82.0,70.0,84.0,71.0,7.681145747868656,62.0,63.0
2018-07-22,15.37,58.9,16.35,11.8,1.02,24.89,62.0,6,7,2,-0.4999999999999997,-0.8660254037844388,66.0,70.0,82.0,60.0,71.28571428571429,7.227592630890037,63.0,61.0
2018-07-23,14.24,56.91,17.29,11.66,1.07,26.77,63.0,0,7,2,-0.4999999999999997,-0.8660254037844388,62.0,66.0,70.0,69.0,70.42857142857143,7.870983480631995,61.0,61.0
2018-07-24,15.24,53.79,16.18,13.08,1.1,18.72,61.0,1,7,2,-0.4999999999999997,-0.8660254037844388,63.0,62.0,66.0,80.0,67.71428571428571,7.273565968956562,61.0,60.0
2018-07-25,16.28,54.45,14.54,12.86,1.05,22.01,61.0,2,7,2,-0.4999999999999997,-0.8660254037844388,61.0,63.0,62.0,70.0,66.42857142857143,7.590721152765981,60.0,63.0
2018-07-26,15.88,62.28,13.72,12.88,1.15,21.87,60.0,3,7,2,-0.4999999999999997,-0.8660254037844388,61.0,61.0,63.0,82.0,63.285714285714285,3.5456210417119114,63.0,62.0
2018-07-27,13.23,52.16,12.4,12.25,1.14,22.52,63.0,4,7,2,-0.4999999999999997,-0.8660254037844388,60.0,61.0,61.0,70.0,62.285714285714285,1.976047040119167,62.0,62.0
2018-07-28,14.11,53.33,12.74,13.07,1.14,22.15,62.0,5,7,2,-0.4999999999999997,-0.8660254037844388,63.0,60.0,61.0,66.0,61.714285714285715,1.1126972805292223,62.0,64.0
2018-07-29,13.39,52.3,13.83,14.99,1.05,21.91,62.0,6,7,2,-0.4999999999999997,-0.8660254037844388,62.0,63.0,60.0,62.0,61.714285714285715,1.1126972805292223,64.0,44.0
2018-07-30,15.45,50.4,11.65,12.34,1.15,21.34,64.0,0,7,2,-0.4999999999999997,-0.8660254037844388,62.0,62.0,63.0,63.0,61.857142857142854,1.345185418269795,44.0,64.0
2018-07-31,16.22,61.49,15.83,9.29,1.23,24.03,44.0,1,7,2,-0.4999999999999997,-0.8660254037844388,64.0,62.0,62.0,61.0,59.42857142857143,6.924765768773924,64.0,84.0
2018-08-01,14.71,65.57,15.46,10.08,1.16,23.69,64.0,2,8,2,-0.8660254037844385,-0.5000000000000004,44.0,64.0,62.0,61.0,59.857142857142854,7.128079952520589,84.0,75.0
2018-08-02,14.87,56.31,32.71,20.19,1.2,33.07,84.0,3,8,2,-0.8660254037844385,-0.5000000000000004,64.0,44.0,64.0,60.0,63.285714285714285,11.58611648647194,75.0,65.0
2018-08-03,17.72,48.66,48.29,24.59,1.18,18.65,75.0,4,8,2,-0.8660254037844385,-0.5000000000000004,84.0,64.0,44.0,63.0,65.0,12.396235987858091,65.0,64.0
2018-08-04,10.36,44.69,20.48,10.93,1.19,28.24,65.0,5,8,2,-0.8660254037844385,-0.5000000000000004,75.0,84.0,64.0,62.0,65.42857142857143,12.326896647266185,64.0,66.0
2018-08-05,9.21,41.44,22.23,15.38,1.17,27.3,64.0,6,8,2,-0.8660254037844385,-0.5000000000000004,65.0,75.0,84.0,62.0,65.71428571428571,12.257165057145006,66.0,66.0
2018-08-06,11.21,43.37,14.63,12.42,1.2,27.19,66.0,0,8,2,-0.8660254037844385,-0.5000000000000004,64.0,65.0,75.0,64.0,66.0,12.233832869001764,66.0,67.0
2018-08-07,12.65,51.97,20.24,9.22,1.21,28.15,66.0,1,8,2,-0.8660254037844385,-0.5000000000000004,66.0,64.0,65.0,44.0,69.14285714285714,7.581305327988798,67.0,67.0
2018-08-08,13.33,54.43,20.09,9.64,1.2,26.99,67.0,2,8,2,-0.8660254037844385,-0.5000000000000004,66.0,66.0,64.0,64.0,69.57142857142857,7.322502824789379,67.0,69.0
2018-08-09,11.61,46.49,31.78,12.06,1.21,32.95,67.0,3,8,2,-0.8660254037844385,-0.5000000000000004,67.0,66.0,66.0,84.0,67.14285714285714,3.625307868700018,69.0,67.0
2018-08-10,12.59,48.67,20.2,10.6,1.22,35.23,69.0,4,8,2,-0.8660254037844385,-0.5000000000000004,67.0,67.0,66.0,75.0,66.28571428571429,1.6035674514749287,67.0,67.0
2018-08-11,11.7,40.69,21.17,11.08,1.24,39.1,67.0,5,8,2,-0.8660254037844385,-0.5000000000000004,69.0,67.0,67.0,65.0,66.57142857142857,1.5118578920373014,67.0,68.0
2018-08-12,9.7,42.34,20.86,11.92,1.22,38.31,67.0,6,8,2,-0.8660254037844385,-0.5000000000000004,67.0,69.0,67.0,64.0,67.0,1.0000000000005673,68.0,107.0
2018-08-13,12.94,45.15,17.76,9.21,1.14,37.65,68.0,0,8,2,-0.8660254037844385,-0.5000000000000004,67.0,67.0,69.0,66.0,67.28571428571429,0.9511897312119243,107.0,93.0
2018-08-14,80.13,64.24,20.85,11.77,0.91,39.5,107.0,1,8,2,-0.8660254037844385,-0.5000000000000004,68.0,67.0,67.0,66.0,73.14285714285714,14.94912005691944,93.0,90.0
2018-08-15,26.83,90.14,22.03,14.45,1.12,44.31,93.0,2,8,2,-0.8660254037844385,-0.5000000000000004,107.0,68.0,67.0,67.0,76.85714285714286,16.33430512172232,90.0,83.0
2018-08-16,26.49,91.07,22.23,11.49,1.1,41.44,90.0,3,8,2,-0.8660254037844385,-0.5000000000000004,93.0,107.0,68.0,67.0,80.14285714285714,16.33430512172231,83.0,74.0
2018-08-17,23.72,74.6,21.08,11.53,1.09,41.28,83.0,4,8,2,-0.8660254037844385,-0.5000000000000004,90.0,93.0,107.0,69.0,82.14285714285714,15.582346543750187,74.0,76.0
2018-08-18,24.15,73.99,23.64,14.13,1.06,41.67,74.0,5,8,2,-0.8660254037844385,-0.5000000000000004,83.0,90.0,93.0,67.0,83.14285714285714,14.645005649578627,76.0,81.0
2018-08-19,22.94,84.4,19.22,11.74,1.02,44.15,76.0,6,8,2,-0.8660254037844385,-0.5000000000000004,74.0,83.0,90.0,67.0,84.42857142857143,13.327379623130982,81.0,95.0
2018-08-20,26.68,75.24,20.96,11.84,0.99,37.31,81.0,0,8,2,-0.8660254037844385,-0.5000000000000004,76.0,74.0,83.0,68.0,86.28571428571429,11.42678557475494,95.0,64.0
2018-08-21,30.76,69.36,24.6,13.7,1.02,46.32,95.0,1,8,2,-0.8660254037844385,-0.5000000000000004,81.0,76.0,74.0,107.0,84.57142857142857,8.26351706513114,64.0,65.0
2018-08-22,25.47,61.36,22.08,15.21,1.03,47.18,64.0,2,8,2,-0.8660254037844385,-0.5000000000000004,95.0,81.0,76.0,93.0,80.42857142857143,10.341778423094395,65.0,65.0
2018-08-23,23.11,62.32,26.84,15.22,1.01,45.22,65.0,3,8,2,-0.8660254037844385,-0.5000000000000004,64.0,95.0,81.0,90.0,76.85714285714286,10.792413561210058,65.0,70.0
2018-08-24,18.94,53.7,26.94,12.06,1.18,48.58,65.0,4,8,2,-0.8660254037844385,-0.5000000000000004,65.0,64.0,95.0,83.0,74.28571428571429,11.220729116450613,70.0,72.0
2018-08-25,25.28,55.95,26.13,14.85,1.33,49.66,70.0,5,8,2,-0.8660254037844385,-0.5000000000000004,65.0,65.0,64.0,74.0,73.71428571428571,11.338934190276849,72.0,77.0
2018-08-26,23.62,54.02,24.89,14.8,1.36,55.14,72.0,6,8,2,-0.8660254037844385,-0.5000000000000004,70.0,65.0,65.0,76.0,73.14285714285714,11.305287427107928,77.0,100.0
2018-08-27,26.46,65.51,30.42,14.13,1.44,49.99,77.0,0,8,2,-0.8660254037844385,-0.5000000000000004,72.0,70.0,65.0,81.0,72.57142857142857,10.937049310442395,100.0,77.0
2018-08-28,30.97,75.3,33.37,9.51,1.39,54.83,100.0,1,8,2,-0.8660254037844385,-0.5000000000000004,77.0,72.0,70.0,95.0,73.28571428571429,12.67167820659242,77.0,71.0
2018-08-29,28.58,70.91,32.46,7.65,1.31,45.71,77.0,2,8,2,-0.8660254037844385,-0.5000000000000004,100.0,77.0,72.0,64.0,75.14285714285714,12.019824893740797,71.0,70.0
2018-08-30,26.49,67.74,31.34,11.08,1.29,47.01,71.0,3,8,2,-0.8660254037844385,-0.5000000000000004,77.0,100.0,77.0,65.0,76.0,11.37248140615467,70.0,71.0
2018-08-31,25.69,61.92,29.3,11.4,1.31,48.2,70.0,4,8,2,-0.8660254037844385,-0.5000000000000004,71.0,77.0,100.0,65.0,76.71428571428571,10.703804397102408,71.0,70.0
2018-09-01,28.24,71.66,27.72,13.66,1.31,44.98,71.0,5,9,2,-1.0,-1.8369701987210297e-16,70.0,71.0,77.0,70.0,76.85714285714286,10.605479266689965,70.0,69.0
2018-09-02,24.03,56.21,25.98,12.45,1.32,47.94,70.0,6,9,2,-1.0,-1.8369701987210297e-16,71.0,70.0,71.0,72.0,76.57142857142857,10.783585409580368,69.0,70.0
2018-09-03,26.35,57.69,23.5,15.45,1.31,49.4,69.0,0,9,2,-1.0,-1.8369701987210297e-16,70.0,71.0,70.0,77.0,75.42857142857143,11.14835029435812,70.0,68.0
2018-09-04,23.49,54.7,20.7,14.73,1.31,42.47,70.0,1,9,2,-1.0,-1.8369701987210297e-16,69.0,70.0,71.0,100.0,71.14285714285714,2.6726124191244702,68.0,60.0
2018-09-05,22.67,56.3,24.62,14.35,1.23,46.98,68.0,2,9,2,-1.0,-1.8369701987210297e-16,70.0,69.0,70.0,77.0,69.85714285714286,1.0690449676503555,60.0,65.0
2018-09-06,25.5,60.73,26.53,13.51,0.98,43.64,60.0,3,9,2,-1.0,-1.8369701987210297e-16,68.0,70.0,69.0,71.0,68.28571428571429,3.7733400639349854,65.0,67.0
2018-09-07,27.31,67.46,31.49,15.23,0.97,39.31,65.0,4,9,2,-1.0,-1.8369701987210297e-16,60.0,68.0,70.0,70.0,67.57142857142857,3.866830866792947,67.0,70.0
2018-09-08,26.77,64.56,30.32,15.65,0.99,42.69,67.0,5,9,2,-1.0,-1.8369701987210297e-16,65.0,60.0,68.0,71.0,67.0,3.5590260840106915,70.0,84.0
2018-09-09,24.28,67.13,31.12,16.27,1.1,39.83,70.0,6,9,2,-1.0,-1.8369701987210297e-16,67.0,65.0,60.0,70.0,67.0,3.559026084010692,84.0,106.0
2018-09-10,21.84,63.71,26.24,12.41,1.27,24.91,84.0,0,9,2,-1.0,-1.8369701987210297e-16,70.0,67.0,65.0,69.0,69.14285714285714,7.403345447128982,106.0,89.0
2018-09-11,26.76,72.02,23.19,13.9,1.55,22.46,106.0,1,9,2,-1.0,-1.8369701987210297e-16,84.0,70.0,67.0,70.0,74.28571428571429,15.818915741544881,89.0,82.0
2018-09-12,21.64,53.58,21.46,11.85,1.41,23.67,89.0,2,9,2,-1.0,-1.8369701987210297e-16,106.0,84.0,70.0,68.0,77.28571428571429,16.408476322867283,82.0,89.0
2018-09-13,19.28,48.32,21.2,17.7,1.44,25.68,82.0,3,9,2,-1.0,-1.8369701987210297e-16,89.0,106.0,84.0,60.0,80.42857142857143,14.547131937912996,89.0,102.0
2018-09-14,23.52,57.14,22.87,18.26,1.57,27.03,89.0,4,9,2,-1.0,-1.8369701987210297e-16,82.0,89.0,106.0,65.0,83.85714285714286,13.056653111582262,102.0,103.0
2018-09-15,22.09,67.31,24.76,17.79,1.77,30.62,102.0,5,9,2,-1.0,-1.8369701987210297e-16,89.0,82.0,89.0,67.0,88.85714285714286,12.198750911856656,103.0,93.0
2018-09-16,25.6,76.8,25.68,16.75,1.77,33.62,103.0,6,9,2,-1.0,-1.8369701987210297e-16,102.0,89.0,82.0,70.0,93.57142857142857,9.846440014156396,93.0,93.0
2018-09-17,20.37,68.0,21.88,13.13,1.62,30.21,93.0,0,9,2,-1.0,-1.8369701987210297e-16,103.0,102.0,89.0,84.0,94.85714285714286,8.933617621631392,93.0,78.0
2018-09-18,25.51,78.16,22.65,10.78,1.58,30.93,93.0,1,9,2,-1.0,-1.8369701987210297e-16,93.0,103.0,102.0,106.0,93.0,7.461009761866418,78.0,100.0
2018-09-19,17.68,55.13,23.5,10.29,1.39,28.35,78.0,2,9,2,-1.0,-1.8369701987210297e-16,93.0,93.0,103.0,89.0,91.42857142857143,9.360504666899487,100.0,113.0
2018-09-20,25.44,91.8,26.19,11.93,1.7,37.93,100.0,3,9,2,-1.0,-1.8369701987210297e-16,78.0,93.0,93.0,82.0,94.0,8.793937305515234,113.0,80.0
2018-09-21,42.73,114.46,28.18,14.14,1.92,43.7,113.0,4,9,2,-1.0,-1.8369701987210297e-16,100.0,78.0,93.0,89.0,97.42857142857143,10.937049310442303,80.0,82.0
2018-09-22,31.22,59.71,21.98,17.08,1.35,49.13,80.0,5,9,2,-1.0,-1.8369701987210297e-16,113.0,100.0,78.0,102.0,94.28571428571429,12.459458063579426,82.0,104.0
2018-09-23,35.95,66.06,25.3,18.69,1.5,45.84,82.0,6,9,2,-1.0,-1.8369701987210297e-16,80.0,113.0,100.0,103.0,91.28571428571429,12.539461521058016,104.0,92.0
2018-09-24,33.06,70.44,23.98,14.82,1.6,46.51,104.0,0,9,2,-1.0,-1.8369701987210297e-16,82.0,80.0,113.0,93.0,92.85714285714286,13.44654319182157,92.0,91.0
2018-09-25,33.86,77.88,25.06,14.14,1.55,36.72,92.0,1,9,2,-1.0,-1.8369701987210297e-16,104.0,82.0,80.0,93.0,92.71428571428571,13.450084085416014,91.0,90.0
2018-09-26,32.52,71.2,29.12,15.17,1.57,38.59,91.0,2,9,2,-1.0,-1.8369701987210297e-16,92.0,104.0,82.0,78.0,94.57142857142857,11.88636674033379,90.0,108.0
2018-09-27,37.21,76.15,33.05,13.64,1.58,49.45,90.0,3,9,2,-1.0,-1.8369701987210297e-16,91.0,92.0,104.0,100.0,93.14285714285714,11.72502411409843,108.0,106.0
2018-09-28,44.86,107.68,37.4,15.19,2.0,50.39,108.0,4,9,2,-1.0,-1.8369701987210297e-16,90.0,91.0,92.0,113.0,92.42857142857143,10.39001352031749,106.0,122.0
2018-09-29,44.05,112.39,31.84,17.12,1.94,47.98,106.0,5,9,2,-1.0,-1.8369701987210297e-16,108.0,90.0,91.0,80.0,96.14285714285714,9.839183086492643,122.0,128.0
2018-09-30,54.77,141.2,32.42,20.79,2.32,55.94,122.0,6,9,2,-1.0,-1.8369701987210297e-16,106.0,108.0,90.0,82.0,101.85714285714286,11.696560340951633,128.0,111.0
2018-10-01,49.35,130.79,31.92,16.35,2.21,46.39,128.0,0,10,3,-0.8660254037844386,0.5000000000000001,122.0,106.0,108.0,104.0,105.28571428571429,15.370038882126936,111.0,122.0
2018-10-02,49.52,116.69,36.92,15.18,2.0,49.69,111.0,1,10,3,-0.8660254037844386,0.5000000000000001,128.0,122.0,106.0,92.0,108.0,14.271183085738377,122.0,110.0
2018-10-03,50.87,122.42,34.0,15.28,1.95,60.44,122.0,2,10,3,-0.8660254037844386,0.5000000000000001,111.0,128.0,122.0,91.0,112.42857142857143,12.856349181852227,110.0,106.0
2018-10-04,43.4,99.57,29.79,18.74,2.09,47.73,110.0,3,10,3,-0.8660254037844386,0.5000000000000001,122.0,111.0,128.0,90.0,115.28571428571429,8.538428538364647,106.0,117.0
2018-10-05,42.12,103.91,29.9,15.77,2.14,41.95,106.0,4,10,3,-0.8660254037844386,0.5000000000000001,110.0,122.0,111.0,108.0,115.0,8.850612031567723,117.0,112.0
2018-10-06,48.16,122.98,29.55,16.84,2.13,41.35,117.0,5,10,3,-0.8660254037844386,0.5000000000000001,106.0,110.0,122.0,106.0,116.57142857142857,7.9132198010067585,112.0,109.0
2018-10-07,54.76,118.68,31.68,22.58,1.89,52.25,112.0,6,10,3,-0.8660254037844386,0.5000000000000001,117.0,106.0,110.0,122.0,115.14285714285714,7.6687367805605255,109.0,103.0
2018-10-08,48.6,106.14,31.1,20.49,1.76,64.18,109.0,0,10,3,-0.8660254037844386,0.5000000000000001,112.0,117.0,106.0,128.0,112.42857142857143,5.380741673076238,103.0,104.0
2018-10-09,45.06,100.44,24.85,20.02,1.75,66.08,103.0,1,10,3,-0.8660254037844386,0.5000000000000001,109.0,112.0,117.0,111.0,111.28571428571429,6.473388749701375,104.0,100.0
2018-10-10,42.82,100.02,27.69,18.62,1.69,59.75,104.0,2,10,3,-0.8660254037844386,0.5000000000000001,103.0,109.0,112.0,122.0,108.71428571428571,4.889249625940625,100.0,105.0
2018-10-11,34.35,89.58,21.34,16.7,1.66,66.49,100.0,3,10,3,-0.8660254037844386,0.5000000000000001,104.0,103.0,109.0,110.0,107.28571428571429,5.822779568621902,105.0,136.0
2018-10-12,44.57,118.82,31.55,17.23,1.76,65.46,105.0,4,10,3,-0.8660254037844386,0.5000000000000001,100.0,104.0,103.0,106.0,107.14285714285714,5.871642911161172,136.0,149.0
2018-10-13,54.92,167.05,28.09,17.81,1.91,74.19,136.0,5,10,3,-0.8660254037844386,0.5000000000000001,105.0,100.0,104.0,117.0,109.85714285714286,12.185080651197556,149.0,135.0
2018-10-14,48.18,166.65,30.08,18.99,2.18,49.91,149.0,6,10,3,-0.8660254037844386,0.5000000000000001,136.0,105.0,100.0,112.0,115.14285714285714,19.247758063634024,135.0,142.0
2018-10-15,49.42,153.48,32.3,20.27,2.34,51.95,135.0,0,10,3,-0.8660254037844386,0.5000000000000001,149.0,136.0,105.0,109.0,118.85714285714286,20.34230871384862,142.0,130.0
2018-10-16,54.25,158.76,33.31,20.25,2.41,52.22,142.0,1,10,3,-0.8660254037844386,0.5000000000000001,135.0,149.0,136.0,103.0,124.42857142857143,20.614373164187604,130.0,132.0
2018-10-17,46.14,129.95,31.55,18.33,1.96,52.39,130.0,2,10,3,-0.8660254037844386,0.5000000000000001,142.0,135.0,149.0,104.0,128.14285714285714,18.560069786404014,132.0,150.0
2018-10-18,26.07,71.72,29.06,19.8,1.7,58.18,132.0,3,10,3,-0.8660254037844386,0.5000000000000001,130.0,142.0,135.0,100.0,132.71428571428572,13.80476108346047,150.0,144.6
2018-10-19,49.65,137.14,24.75,25.03,1.54,71.31,150.0,4,10,3,-0.8660254037844386,0.5000000000000001,132.0,130.0,142.0,105.0,139.14285714285714,8.008923594519576,144.6,139.2
2018-10-20,48.89,120.56,26.09,16.53,1.62,39.44,144.6,5,10,3,-0.8660254037844386,0.5000000000000001,150.0,132.0,130.0,136.0,140.37142857142857,8.105494902783091,139.2,133.8
2018-10-21,57.22,139.66,22.619999999999997,17.07,1.715,38.735,139.2,6,10,3,-0.8660254037844386,0.5000000000000001,144.6,150.0,132.0,149.0,138.97142857142856,7.157679858192609,133.8,128.4
2018-10-22,65.55,158.76,19.15,17.61,1.81,38.03,133.8,0,10,3,-0.8660254037844386,0.5000000000000001,139.2,144.6,150.0,135.0,138.8,7.2819411331499975,128.4,123.0
2018-10-23,30.7,91.46,18.44,18.53,1.72,23.99,128.4,1,10,3,-0.8660254037844386,0.5000000000000001,133.8,139.2,144.6,142.0,136.85714285714286,8.058713119527987,123.0,146.0
2018-10-24,45.04,153.14,19.69,20.83,2.38,25.53,123.0,2,10,3,-0.8660254037844386,0.5000000000000001,128.4,133.8,139.2,130.0,135.85714285714286,9.377785300530855,146.0,118.0
2018-10-25,52.53,166.96,19.54,21.41,2.59,26.01,146.0,3,10,3,-0.8660254037844386,0.5000000000000001,123.0,128.4,133.8,132.0,137.85714285714286,9.896608365639839,118.0,136.0
2018-10-26,39.38,115.93,19.51,19.11,1.93,24.46,118.0,4,10,3,-0.8660254037844386,0.5000000000000001,146.0,123.0,128.4,150.0,133.28571428571428,10.710030901204604,136.0,144.0
2018-10-27,54.0,172.6,21.46,21.75,2.65,27.42,136.0,5,10,3,-0.8660254037844386,0.5000000000000001,118.0,146.0,123.0,144.6,132.05714285714285,9.635153889595443,144.0,127.0
2018-10-28,44.31,134.51999999999998,23.895,20.695,2.2,34.08,144.0,6,10,3,-0.8660254037844386,0.5000000000000001,136.0,118.0,146.0,139.2,132.74285714285716,10.370930068040485,127.0,110.0
2018-10-29,34.62,96.44,26.33,19.64,1.75,40.74,127.0,0,10,3,-0.8660254037844386,0.5000000000000001,144.0,136.0,118.0,133.8,131.77142857142857,10.57193049001506,110.0,106.0
2018-10-30,36.32,109.1,36.88,18.0,1.87,32.52,110.0,1,10,3,-0.8660254037844386,0.5000000000000001,127.0,144.0,136.0,128.4,129.14285714285714,13.44654319182145,106.0,141.0
2018-10-31,41.76,111.56,38.88,16.61,1.95,37.97,106.0,2,10,3,-0.8660254037844386,0.5000000000000001,110.0,127.0,144.0,123.0,126.71428571428571,16.028248872062036,141.0,138.0
2018-11-01,49.85,138.28,60.47,16.34,2.1,39.87,141.0,3,11,3,-0.5000000000000004,0.8660254037844384,106.0,110.0,127.0,146.0,126.0,15.110702608857386,138.0,132.0
2018-11-02,41.8,120.59,58.64,18.88,2.02,44.23,138.0,4,11,3,-0.5000000000000004,0.8660254037844384,141.0,106.0,110.0,118.0,128.85714285714286,15.236235005500966,132.0,100.0
2018-11-03,40.22,100.16,50.71,14.27,1.95,41.95,132.0,5,11,3,-0.5000000000000004,0.8660254037844384,138.0,141.0,106.0,136.0,128.28571428571428,14.9968250608173,100.0,102.0
2018-11-04,37.39,78.33,30.41,13.1,1.71,55.14,100.0,6,11,3,-0.5000000000000004,0.8660254037844384,132.0,138.0,141.0,144.0,122.0,16.462077633154212,102.0,112.0
2018-11-05,34.93,68.37,35.62,19.92,1.74,43.27,102.0,0,11,3,-0.5000000000000004,0.8660254037844384,100.0,132.0,138.0,127.0,118.42857142857143,17.84990329438913,112.0,184.0
2018-11-06,65.23,152.2,41.32,28.32,2.14,47.33,112.0,1,11,3,-0.5000000000000004,0.8660254037844384,102.0,100.0,132.0,110.0,118.71428571428571,17.707948175082986,184.0,299.0
2018-11-07,67.63,164.86,56.95,28.2,2.32,37.62,184.0,2,11,3,-0.5000000000000004,0.8660254037844384,112.0,102.0,100.0,106.0,129.85714285714286,29.191486038618397,299.0,195.0
2018-11-08,130.47,276.46,67.3,40.57,2.81,48.41,299.0,3,11,3,-0.5000000000000004,0.8660254037844384,184.0,112.0,102.0,141.0,152.42857142857142,70.74804389017204,195.0,307.0
2018-11-09,93.59,222.33,50.06,39.24,2.76,45.71,195.0,4,11,3,-0.5000000000000004,0.8660254037844384,299.0,184.0,112.0,138.0,160.57142857142858,72.07833040717375,307.0,179.0
2018-11-10,122.18,272.19,39.76,29.82,2.92,64.46,307.0,5,11,3,-0.5000000000000004,0.8660254037844384,195.0,299.0,184.0,132.0,185.57142857142858,88.90230057551402,179.0,146.0
2018-11-11,63.69,157.26,49.0,25.82,2.65,66.27,179.0,6,11,3,-0.5000000000000004,0.8660254037844384,307.0,195.0,299.0,100.0,196.85714285714286,80.88145352186443,146.0,123.0
2018-11-12,56.06,149.49,44.82,24.89,2.59,58.48,146.0,0,11,3,-0.5000000000000004,0.8660254037844384,179.0,307.0,195.0,102.0,203.14285714285714,73.66914453923603,123.0,132.0
2018-11-13,51.04,133.23,29.43,24.14,2.1,67.98,123.0,1,11,3,-0.5000000000000004,0.8660254037844384,146.0,179.0,307.0,112.0,204.71428571428572,71.48592935143313,132.0,122.0
2018-11-14,48.02,132.29,37.39,24.71,2.3,56.49,132.0,2,11,3,-0.5000000000000004,0.8660254037844384,123.0,146.0,179.0,184.0,197.28571428571428,76.52170560417105,122.0,147.0
2018-11-15,49.79,132.08,49.29,23.56,2.33,64.87,122.0,3,11,3,-0.5000000000000004,0.8660254037844384,132.0,123.0,146.0,299.0,172.0,65.80273550544838,147.0,150.0
2018-11-16,51.3,136.44,59.6,21.75,2.35,57.12,147.0,4,11,3,-0.5000000000000004,0.8660254037844384,122.0,132.0,123.0,195.0,165.14285714285714,65.50681534880822,150.0,153.0
2018-11-17,56.72,152.93,56.85,21.46,2.75,57.58,150.0,5,11,3,-0.5000000000000004,0.8660254037844384,147.0,122.0,132.0,307.0,142.71428571428572,19.712215212183274,153.0,145.0
2018-11-18,65.09,171.12,42.15,19.25,2.83,79.13,153.0,6,11,3,-0.5000000000000004,0.8660254037844384,150.0,147.0,122.0,179.0,139.0,13.063945294843672,145.0,141.0
2018-11-19,69.19,174.51999999999998,33.425,20.355,2.42,91.065,145.0,0,11,3,-0.5000000000000004,0.8660254037844384,153.0,150.0,147.0,146.0,138.85714285714286,12.979837844757228,141.0,137.0
2018-11-20,73.29,177.92,24.7,21.46,2.01,103.0,141.0,1,11,3,-0.5000000000000004,0.8660254037844384,145.0,153.0,150.0,123.0,141.42857142857142,10.937049310442415,137.0,133.0
2018-11-21,68.665,165.31,67.42999999999999,21.525,2.21,86.32,137.0,2,11,3,-0.5000000000000004,0.8660254037844384,141.0,145.0,153.0,132.0,142.14285714285714,10.367072415884426,133.0,129.0
2018-11-22,64.04,152.7,110.16,21.59,2.41,69.64,133.0,3,11,3,-0.5000000000000004,0.8660254037844384,137.0,141.0,145.0,122.0,143.71428571428572,7.134757312254082,129.0,125.0
2018-11-23,48.49,112.45,53.66,18.48,2.35,57.96,129.0,4,11,3,-0.5000000000000004,0.8660254037844384,133.0,137.0,141.0,147.0,141.14285714285714,8.802056036869564,125.0,145.0
2018-11-24,48.76,141.23,38.64,21.5,2.61,53.93,125.0,5,11,3,-0.5000000000000004,0.8660254037844384,129.0,133.0,137.0,150.0,137.57142857142858,9.641181512262019,145.0,169.0
2018-11-25,51.75,171.43,39.13,21.99,2.89,64.37,145.0,6,11,3,-0.5000000000000004,0.8660254037844384,125.0,129.0,133.0,153.0,136.42857142857142,7.807200583588404,169.0,143.0
2018-11-26,63.19,179.98,38.66,22.39,3.07,61.74,169.0,0,11,3,-0.5000000000000004,0.8660254037844384,145.0,125.0,129.0,145.0,139.85714285714286,14.553677329442392,143.0,149.0
2018-11-27,57.74,161.37,50.01,18.53,2.87,51.25,143.0,1,11,3,-0.5000000000000004,0.8660254037844384,169.0,145.0,125.0,141.0,140.14285714285714,14.59941290404716,149.0,146.0
2018-11-28,55.7,175.73,49.82,13.92,2.83,65.33,149.0,2,11,3,-0.5000000000000004,0.8660254037844384,143.0,169.0,145.0,137.0,141.85714285714286,14.870872776769307,146.0,158.0
2018-11-29,53.71,170.39,39.31,14.99,2.85,65.15,146.0,3,11,3,-0.5000000000000004,0.8660254037844384,149.0,143.0,169.0,133.0,143.71428571428572,14.384184436552635,158.0,154.0
2018-11-30,56.87,175.08,37.29,17.34,2.93,69.6,158.0,4,11,3,-0.5000000000000004,0.8660254037844384,146.0,149.0,143.0,129.0,147.85714285714286,13.594466661459151,154.0,172.0
2018-12-01,62.05,196.83,41.17,17.4,3.02,63.12,154.0,5,12,0,-2.4492935982947064e-16,1.0,158.0,146.0,149.0,125.0,152.0,9.165151389911674,172.0,174.0
2018-12-02,62.82,202.58,36.12,17.88,2.21,71.9,172.0,6,12,0,-2.4492935982947064e-16,1.0,154.0,158.0,146.0,145.0,155.85714285714286,11.186726828829624,174.0,168.0
2018-12-03,76.86,215.08,43.27,16.39,1.89,74.46,174.0,0,12,0,-2.4492935982947064e-16,1.0,172.0,154.0,158.0,169.0,156.57142857142858,12.272695205986615,168.0,163.0
2018-12-04,65.54,187.09,60.53,14.82,2.42,65.87,168.0,1,12,0,-2.4492935982947064e-16,1.0,174.0,172.0,154.0,143.0,160.14285714285714,11.260973484096407,163.0,176.0
2018-12-05,72.91,201.08,68.46,15.46,3.26,75.06,163.0,2,12,0,-2.4492935982947064e-16,1.0,168.0,174.0,172.0,149.0,162.14285714285714,10.139503134252783,176.0,140.0
2018-12-06,70.04,170.19,56.0,13.9,2.63,49.86,176.0,3,12,0,-2.4492935982947064e-16,1.0,163.0,168.0,174.0,146.0,166.42857142857142,8.363753998796135,140.0,152.0
2018-12-07,54.61,165.03,42.91,19.62,2.06,44.72,140.0,4,12,0,-2.4492935982947064e-16,1.0,176.0,163.0,168.0,158.0,163.85714285714286,12.9154761356104,152.0,158.0
2018-12-08,63.47,193.53,46.77,23.26,2.34,50.4,152.0,5,12,0,-2.4492935982947064e-16,1.0,140.0,176.0,163.0,154.0,163.57142857142858,13.189100839419606,158.0,137.0
2018-12-09,56.9,169.94,43.94,22.11,2.12,50.29,158.0,6,12,0,-2.4492935982947064e-16,1.0,152.0,140.0,176.0,172.0,161.57142857142858,12.752217360876736,137.0,138.0
2018-12-10,51.82,151.5,45.25,17.96,1.79,49.03,137.0,0,12,0,-2.4492935982947064e-16,1.0,158.0,152.0,140.0,174.0,156.28571428571428,14.314494818356726,138.0,124.0
2018-12-11,49.73,154.09,65.26,18.87,1.91,43.06,138.0,1,12,0,-2.4492935982947064e-16,1.0,137.0,158.0,152.0,168.0,152.0,14.708274315273497,124.0,117.0
2018-12-12,38.67,121.78,57.01,19.96,1.81,40.93,124.0,2,12,0,-2.4492935982947064e-16,1.0,138.0,137.0,158.0,163.0,146.42857142857142,17.047552540439632,117.0,123.0
2018-12-13,50.03,142.34,61.56,22.04,1.81,45.61,117.0,3,12,0,-2.4492935982947064e-16,1.0,124.0,138.0,137.0,176.0,138.0,14.364307617610303,123.0,136.0
2018-12-14,61.98,148.08,50.13,26.36,1.81,35.55,123.0,4,12,0,-2.4492935982947064e-16,1.0,117.0,124.0,138.0,140.0,135.57142857142858,15.371587890836743,136.0,146.0
2018-12-15,57.49,159.6,44.05,29.7,1.87,38.71,136.0,5,12,0,-2.4492935982947064e-16,1.0,123.0,117.0,124.0,152.0,133.28571428571428,13.61022024943389,146.0,128.0
2018-12-16,56.54,155.32,36.6,33.29,1.8,43.55,146.0,6,12,0,-2.4492935982947064e-16,1.0,136.0,123.0,117.0,158.0,131.57142857142858,10.341778423094665,128.0,136.0
2018-12-17,50.82,135.22,37.73,23.54,1.7,43.0,128.0,0,12,0,-2.4492935982947064e-16,1.0,146.0,136.0,123.0,137.0,130.28571428571428,10.111285538352728,136.0,174.0
2018-12-18,63.59,165.21,49.72,21.82,1.9,53.08,136.0,1,12,0,-2.4492935982947064e-16,1.0,128.0,146.0,136.0,138.0,130.0,9.88264472024936,174.0,135.0
2018-12-19,66.38,141.73,106.27,20.37,1.97,49.9,174.0,2,12,0,-2.4492935982947064e-16,1.0,136.0,128.0,146.0,124.0,137.14285714285714,18.836388289943695,135.0,123.0
2018-12-20,50.75,130.15,70.55,19.4,1.74,42.96,135.0,3,12,0,-2.4492935982947064e-16,1.0,174.0,136.0,128.0,117.0,139.71428571428572,16.740313474905385,123.0,160.0
2018-12-21,52.93,143.39,65.68,17.82,1.9,47.82,123.0,4,12,0,-2.4492935982947064e-16,1.0,135.0,174.0,136.0,123.0,139.71428571428572,16.740313474905385,160.0,197.0
2018-12-22,74.39,180.07,73.65,19.18,2.58,54.17,160.0,5,12,0,-2.4492935982947064e-16,1.0,123.0,135.0,174.0,136.0,143.14285714285714,18.243067828891245,197.0,219.0
2018-12-23,92.96,192.28,63.17,21.36,2.65,53.27,197.0,6,12,0,-2.4492935982947064e-16,1.0,160.0,123.0,135.0,146.0,150.42857142857142,27.439977787024212,219.0,210.0
2018-12-24,96.74,221.61,60.1,17.33,2.75,58.67,219.0,0,12,0,-2.4492935982947064e-16,1.0,197.0,160.0,123.0,128.0,163.42857142857142,35.4347152890925,210.0,149.0
2018-12-25,88.48,203.0,37.83,22.33,2.72,60.08,210.0,1,12,0,-2.4492935982947064e-16,1.0,219.0,197.0,160.0,136.0,174.0,36.896250938724506,149.0,119.0
2018-12-26,68.03,137.58,49.5,18.79,1.86,46.46,149.0,2,12,0,-2.4492935982947064e-16,1.0,210.0,219.0,197.0,174.0,170.42857142857142,38.08699315539419,119.0,130.0
2018-12-27,67.26,133.78,50.21,22.18,1.81,33.39,119.0,3,12,0,-2.4492935982947064e-16,1.0,149.0,210.0,219.0,135.0,168.14285714285714,40.94072370077078,130.0,143.0
2018-12-28,69.88,152.97,52.64,26.15,2.03,37.61,130.0,4,12,0,-2.4492935982947064e-16,1.0,119.0,149.0,210.0,123.0,169.14285714285714,39.7216505675371,143.0,154.0
2018-12-29,65.85,137.97,69.41,26.23,2.05,37.22,143.0,5,12,0,-2.4492935982947064e-16,1.0,130.0,119.0,149.0,160.0,166.71428571428572,40.876701945053725,154.0,188.0
2018-12-30,81.14,159.39,66.55,38.07,2.11,35.39,154.0,6,12,0,-2.4492935982947064e-16,1.0,143.0,130.0,119.0,197.0,160.57142857142858,38.74212669630282,188.0,181.0
2018-12-31,81.34,185.04,90.08,27.19,2.57,38.87,188.0,0,12,0,-2.4492935982947064e-16,1.0,154.0,143.0,130.0,219.0,156.14285714285714,32.16327393901607,181.0,175.0
2019-01-01,79.78,221.85,66.11,21.88,2.75,45.29,181.0,1,1,0,0.49999999999999994,0.8660254037844387,188.0,154.0,143.0,210.0,152.0,25.17935662402837,175.0,239.0
2019-01-02,80.41,232.04,64.04,26.7,3.14,53.3,175.0,2,1,0,0.49999999999999994,0.8660254037844387,181.0,188.0,154.0,149.0,155.71428571428572,26.543764400917755,239.0,221.0
2019-01-03,103.76,295.76,58.71,25.44,3.65,68.37,239.0,3,1,0,0.49999999999999994,0.8660254037844387,175.0,181.0,188.0,119.0,172.85714285714286,35.960295565287716,221.0,180.0
2019-01-04,84.61,250.62,59.75,23.0,3.5,68.82,221.0,4,1,0,0.49999999999999994,0.8660254037844387,239.0,175.0,181.0,130.0,185.85714285714286,34.29493923515315,180.0,183.0
2019-01-05,75.92,216.49,64.59,24.93,2.76,63.06,180.0,5,1,0,0.49999999999999994,0.8660254037844387,221.0,239.0,175.0,143.0,191.14285714285714,29.036922308379122,183.0,156.0
2019-01-06,81.14,233.06,60.0,21.49,2.76,62.05,183.0,6,1,0,0.49999999999999994,0.8660254037844387,180.0,221.0,239.0,154.0,195.28571428571428,24.581254956533076,156.0,156.0
2019-01-07,52.78,164.07,67.79,22.27,2.18,48.85,156.0,0,1,0,0.49999999999999994,0.8660254037844387,183.0,180.0,221.0,188.0,190.71428571428572,28.779126033256873,156.0,150.0
2019-01-08,57.44,177.25,56.98,32.25,2.75,67.66,156.0,1,1,0,0.49999999999999994,0.8660254037844387,156.0,183.0,180.0,181.0,187.14285714285714,31.598673872113366,150.0,199.0
2019-01-09,71.68,199.89,48.59,21.75,2.49,85.19,150.0,2,1,0,0.49999999999999994,0.8660254037844387,156.0,156.0,183.0,175.0,183.57142857142858,34.481188798421265,199.0,201.0
2019-01-10,84.32,250.65,50.68,18.86,3.01,69.71,199.0,3,1,0,0.49999999999999994,0.8660254037844387,150.0,156.0,156.0,239.0,177.85714285714286,26.047575520116716,201.0,187.0
2019-01-11,85.51,240.04,47.07,32.67,3.32,71.31,201.0,4,1,0,0.49999999999999994,0.8660254037844387,199.0,150.0,156.0,221.0,175.0,21.166010488516584,187.0,197.0
2019-01-12,76.86,237.89,49.1,34.55,2.76,78.82,187.0,5,1,0,0.49999999999999994,0.8660254037844387,201.0,199.0,150.0,180.0,176.0,21.60246899469272,197.0,163.0
2019-01-13,75.79,235.95,35.42,30.85,3.11,76.64,197.0,6,1,0,0.49999999999999994,0.8660254037844387,187.0,201.0,199.0,183.0,178.0,22.9637395328663,163.0,162.0
2019-01-14,66.32,191.3,44.04,25.59,2.37,72.08,163.0,0,1,0,0.49999999999999994,0.8660254037844387,197.0,187.0,201.0,156.0,179.0,21.977260975835748,162.0,162.0
2019-01-15,68.1,188.89,50.99,28.78,2.53,72.52,162.0,1,1,0,0.49999999999999994,0.8660254037844387,163.0,197.0,187.0,156.0,179.85714285714286,21.027193277821212,162.0,184.0
2019-01-16,69.37,194.79,48.31,27.31,2.56,65.72,162.0,2,1,0,0.49999999999999994,0.8660254037844387,162.0,163.0,197.0,150.0,181.57142857142858,18.527971132471745,184.0,200.0
2019-01-17,83.31,245.52,48.1,27.92,3.25,32.31,184.0,3,1,0,0.49999999999999994,0.8660254037844387,162.0,162.0,163.0,199.0,179.42857142857142,16.978978599600946,200.0,190.0
2019-01-18,84.99,231.12,52.87,26.39,2.99,32.51,200.0,4,1,0,0.49999999999999994,0.8660254037844387,184.0,162.0,162.0,201.0,179.28571428571428,16.770154896067236,190.0,234.0
2019-01-19,82.07,254.54,50.15,35.06,3.3,29.55,190.0,5,1,0,0.49999999999999994,0.8660254037844387,200.0,184.0,162.0,187.0,179.71428571428572,17.036375648537685,234.0,160.0
2019-01-20,93.45,285.55,26.93,35.52,3.34,33.76,234.0,6,1,0,0.49999999999999994,0.8660254037844387,190.0,200.0,184.0,197.0,185.0,26.43860813280441,160.0,114.0
2019-01-21,51.0,132.19,17.6,28.3,2.1,20.34,160.0,0,1,0,0.49999999999999994,0.8660254037844387,234.0,190.0,200.0,163.0,184.57142857142858,26.87537375155378,114.0,100.0
2019-01-22,34.26,109.43,35.26,22.76,1.94,25.59,114.0,1,1,0,0.49999999999999994,0.8660254037844387,160.0,234.0,190.0,162.0,177.71428571428572,37.58419120549785,100.0,125.0
2019-01-23,26.04,113.83,41.97,21.92,1.65,29.55,100.0,2,1,0,0.49999999999999994,0.8660254037844387,114.0,160.0,234.0,162.0,168.85714285714286,47.81711190019934,125.0,133.0
2019-01-24,53.38,150.95,70.2,18.37,1.78,37.42,125.0,3,1,0,0.49999999999999994,0.8660254037844387,100.0,114.0,160.0,184.0,160.42857142857142,49.85932591754904,133.0,131.0
2019-01-25,47.4,135.35,79.41,12.39,1.83,52.07,133.0,4,1,0,0.49999999999999994,0.8660254037844387,125.0,100.0,114.0,200.0,150.85714285714286,47.36534799276987,131.0,117.0
2019-01-26,38.28,122.56,72.66,12.89,1.84,54.64,131.0,5,1,0,0.49999999999999994,0.8660254037844387,133.0,125.0,100.0,190.0,142.42857142857142,44.39540945810029,117.0,112.0
2019-01-27,36.88,117.84,68.41,10.85,1.79,34.26,117.0,6,1,0,0.49999999999999994,0.8660254037844387,131.0,133.0,125.0,234.0,125.71428571428571,18.847761013926775,112.0,118.0
2019-01-28,46.01,121.37,13.44,12.57,2.29,35.58,112.0,0,1,0,0.49999999999999994,0.8660254037844387,117.0,131.0,133.0,160.0,118.85714285714286,11.653734328940565,118.0,150.0
2019-01-29,47.42,125.09,38.05,14.45,2.12,40.56,118.0,1,1,0,0.49999999999999994,0.8660254037844387,112.0,117.0,131.0,114.0,119.42857142857143,11.472534489773894,150.0,151.0
2019-01-30,51.55,173.72,34.69166666666666,17.46,2.83,48.14,150.0,2,1,0,0.49999999999999994,0.8660254037844387,118.0,112.0,117.0,100.0,126.57142857142857,12.843378875996128,151.0,146.0
2019-01-31,51.24,174.07,31.333333333333332,24.08,2.93,47.64,151.0,3,1,0,0.49999999999999994,0.8660254037844387,150.0,118.0,112.0,125.0,130.28571428571428,15.744991645115721,146.0,152.0
2019-02-01,48.04,153.71,27.974999999999998,17.87,2.3,59.04,146.0,4,2,0,0.8660254037844386,0.5000000000000001,151.0,150.0,118.0,133.0,132.14285714285714,16.846647257229712,152.0,186.0
2019-02-02,50.63,184.82,24.616666666666667,17.97,2.27,59.69,152.0,5,2,0,0.8660254037844386,0.5000000000000001,146.0,151.0,150.0,131.0,135.14285714285714,18.40677928942282,186.0,201.0
2019-02-03,73.37,257.39,21.258333333333333,22.13,3.21,72.76,186.0,6,2,0,0.8660254037844386,0.5000000000000001,152.0,146.0,151.0,117.0,145.0,24.528894525980288,201.0,164.0
2019-02-04,66.26,217.26,17.9,22.36,3.25,56.12,201.0,0,2,0,0.8660254037844386,0.5000000000000001,186.0,152.0,146.0,112.0,157.71428571428572,27.463395551863055,164.0,156.0
2019-02-05,65.62,209.61,30.45,19.76,2.73,70.86,164.0,1,2,0,0.8660254037844386,0.5000000000000001,201.0,186.0,152.0,118.0,164.28571428571428,21.155884017724794,156.0,103.0
2019-02-06,43.34,146.7,23.77,14.66,1.88,65.06,156.0,2,2,0,0.8660254037844386,0.5000000000000001,164.0,201.0,186.0,150.0,165.14285714285714,20.59472886791307,103.0,132.0
2019-02-07,18.67,94.56,24.61,12.31,1.59,44.44,103.0,3,2,0,0.8660254037844386,0.5000000000000001,156.0,164.0,201.0,151.0,158.28571428571428,31.29810583040808,132.0,170.0
2019-02-08,52.26,203.43,36.41,13.66,1.64,38.51,132.0,4,2,0,0.8660254037844386,0.5000000000000001,103.0,156.0,164.0,146.0,156.28571428571428,32.632878541507154,170.0,180.0
2019-02-09,72.35,188.49,34.58,20.72,2.0,32.65,170.0,5,2,0,0.8660254037844386,0.5000000000000001,132.0,103.0,156.0,152.0,158.85714285714286,32.94656568560957,180.0,213.0
2019-02-10,86.52,222.61,30.53,26.28,2.84,55.92,180.0,6,2,0,0.8660254037844386,0.5000000000000001,170.0,132.0,103.0,186.0,158.0,32.192131543800095,213.0,225.0
2019-02-11,101.67,261.7,34.5,25.97,3.17,69.16,213.0,0,2,0,0.8660254037844386,0.5000000000000001,180.0,170.0,132.0,201.0,159.71428571428572,35.05573793125395,225.0,190.0
2019-02-12,94.74,221.18,45.67,24.49,3.27,55.38,225.0,1,2,0,0.8660254037844386,0.5000000000000001,213.0,180.0,170.0,164.0,168.42857142857142,42.98393941484472,190.0,139.0
2019-02-13,78.47,152.16,34.45,21.96,2.6,56.51,190.0,2,2,0,0.8660254037844386,0.5000000000000001,225.0,213.0,180.0,156.0,173.28571428571428,43.26551469594179,139.0,118.0
2019-02-14,49.64,100.42,32.54,16.76,1.91,56.4,139.0,3,2,0,0.8660254037844386,0.5000000000000001,190.0,225.0,213.0,103.0,178.42857142857142,34.83703557450088,118.0,125.0
2019-02-15,47.74,119.49,30.95,15.42,1.86,68.09,118.0,4,2,0,0.8660254037844386,0.5000000000000001,139.0,190.0,225.0,132.0,176.42857142857142,38.18750730652246,125.0,165.0
2019-02-16,52.57,130.57,37.75,17.91,2.16,58.37,125.0,5,2,0,0.8660254037844386,0.5000000000000001,118.0,139.0,190.0,170.0,170.0,42.941821107167705,165.0,155.0
2019-02-17,59.84,168.11,34.62,19.85,2.37,90.64,165.0,6,2,0,0.8660254037844386,0.5000000000000001,125.0,118.0,139.0,180.0,167.85714285714286,42.73339276424061,155.0,143.0
2019-02-18,54.99,136.62,32.21,19.18,2.25,83.46,155.0,0,2,0,0.8660254037844386,0.5000000000000001,165.0,125.0,118.0,213.0,159.57142857142858,37.8675637050019,143.0,166.0
2019-02-19,49.87,120.19,34.17,18.32,2.19,76.99,143.0,1,2,0,0.8660254037844386,0.5000000000000001,155.0,165.0,125.0,225.0,147.85714285714286,24.61996866656932,166.0,114.0
2019-02-20,64.73,182.68,28.4,22.73,3.0,101.76,166.0,2,2,0,0.8660254037844386,0.5000000000000001,143.0,155.0,165.0,190.0,144.42857142857142,18.742617594287964,114.0,105.0
2019-02-21,35.61,84.13,20.68,17.0,1.67,70.35,114.0,3,2,0,0.8660254037844386,0.5000000000000001,166.0,143.0,155.0,139.0,140.85714285714286,22.041087173946806,105.0,156.0
2019-02-22,38.3,103.84,21.65,16.77,1.85,56.96,105.0,4,2,0,0.8660254037844386,0.5000000000000001,114.0,166.0,143.0,118.0,139.0,24.677925358506105,156.0,140.0
2019-02-23,58.39,196.31,32.52,21.28,2.51,78.9,156.0,5,2,0,0.8660254037844386,0.5000000000000001,105.0,114.0,166.0,125.0,143.42857142857142,24.527923834255642,140.0,119.0
2019-02-24,31.67,126.11,22.27,18.07,1.84,62.79,140.0,6,2,0,0.8660254037844386,0.5000000000000001,156.0,105.0,114.0,165.0,139.85714285714286,22.608468704068745,119.0,118.0
2019-02-25,35.64,118.0,26.2,15.66,1.97,57.0,119.0,0,2,0,0.8660254037844386,0.5000000000000001,140.0,156.0,105.0,155.0,134.71428571428572,22.68416691376229,118.0,108.0
2019-02-26,27.8,116.06,24.5,8.13,1.69,45.78,118.0,1,2,0,0.8660254037844386,0.5000000000000001,119.0,140.0,156.0,143.0,131.14285714285714,23.12594914397079,108.0,106.0
2019-02-27,22.69,109.49,18.29,7.67,1.72,37.63,108.0,2,2,0,0.8660254037844386,0.5000000000000001,118.0,119.0,140.0,166.0,122.85714285714286,18.479074394465496,106.0,159.0
2019-02-28,49.14,133.69,13.9,10.0,1.92,49.84,106.0,3,2,0,0.8660254037844386,0.5000000000000001,108.0,118.0,119.0,114.0,121.71428571428571,19.345234432234083,159.0,184.0
2019-03-01,41.12,150.77,38.66,17.55,2.35,70.34,159.0,4,3,1,1.0,6.123233995736766e-17,106.0,108.0,118.0,105.0,129.42857142857142,22.134867990398778,184.0,114.0
2019-03-02,49.77,203.42,35.35,15.04,2.78,72.01,184.0,5,3,1,1.0,6.123233995736766e-17,159.0,106.0,108.0,156.0,133.42857142857142,29.153942802859106,114.0,95.0
2019-03-03,15.85,58.71,12.5,7.53,1.64,63.43,114.0,6,3,1,1.0,6.123233995736766e-17,184.0,159.0,106.0,140.0,129.71428571428572,29.825684041970067,95.0,106.0
2019-03-04,16.82,81.35,7.43,7.72,1.64,73.28,95.0,0,3,1,1.0,6.123233995736766e-17,114.0,184.0,159.0,119.0,126.28571428571429,32.52032331591167,106.0,113.0
2019-03-05,22.15,126.58,5.5,6.83,1.54,76.26,106.0,1,3,1,1.0,6.123233995736766e-17,95.0,114.0,184.0,118.0,124.57142857142857,33.3359522780693,113.0,113.0
2019-03-06,23.44,92.09,10.1,7.12,1.67,80.67,113.0,2,3,1,1.0,6.123233995736766e-17,106.0,95.0,114.0,108.0,125.28571428571429,32.9732936668161,113.0,122.0
2019-03-07,25.23,102.94,15.47,7.22,1.75,80.8,113.0,3,3,1,1.0,6.123233995736766e-17,113.0,106.0,95.0,106.0,126.28571428571429,32.39194491286521,122.0,151.0
2019-03-08,29.13,108.52,17.87,8.15,1.83,81.24,122.0,4,3,1,1.0,6.123233995736766e-17,113.0,113.0,106.0,159.0,121.0,29.00574655707611,151.0,142.0
2019-03-09,36.24,132.21,20.05,10.39,2.14,89.05,151.0,5,3,1,1.0,6.123233995736766e-17,122.0,113.0,113.0,184.0,116.28571428571429,17.432864420535182,142.0,127.0
2019-03-10,30.19,158.13,17.41,9.84,1.96,61.16,142.0,6,3,1,1.0,6.123233995736766e-17,151.0,122.0,113.0,114.0,120.28571428571429,19.86382210380037,127.0,109.0
2019-03-11,23.72,128.8,9.46,7.23,1.67,46.22,127.0,0,3,1,1.0,6.123233995736766e-17,142.0,151.0,122.0,95.0,124.85714285714286,16.46641603819291,109.0,142.0
2019-03-12,21.02,92.1,9.01,6.71,1.54,60.52,109.0,1,3,1,1.0,6.123233995736766e-17,127.0,142.0,151.0,106.0,125.28571428571429,15.923926292577097,142.0,104.0
2019-03-13,23.36,90.2,10.9,7.4,1.58,97.63,142.0,2,3,1,1.0,6.123233995736766e-17,109.0,127.0,142.0,113.0,129.42857142857142,15.967228342839606,104.0,124.0
2019-03-14,21.54,99.26,14.7,5.16,1.63,68.64,104.0,3,3,1,1.0,6.123233995736766e-17,142.0,109.0,127.0,113.0,128.14285714285714,17.771030465606753,124.0,153.0
2019-03-15,28.02,113.58,17.95,4.28,1.73,85.43,124.0,4,3,1,1.0,6.123233995736766e-17,104.0,142.0,109.0,122.0,128.42857142857142,17.67160757502593,153.0,135.0
2019-03-16,39.49,158.64,25.05,6.0,2.18,89.53,153.0,5,3,1,1.0,6.123233995736766e-17,124.0,104.0,142.0,151.0,128.71428571428572,18.10814076333519,135.0,137.0
2019-03-17,37.52,132.12,20.46,4.04,1.93,87.21,135.0,6,3,1,1.0,6.123233995736766e-17,153.0,124.0,104.0,142.0,127.71428571428571,17.432864420535186,137.0,140.0
2019-03-18,40.68,145.41,23.59,5.96,2.28,86.68,137.0,0,3,1,1.0,6.123233995736766e-17,135.0,153.0,124.0,127.0,129.14285714285714,17.771030465606756,140.0,108.0
2019-03-19,35.58,140.87,20.39,7.17,2.34,57.91,140.0,1,3,1,1.0,6.123233995736766e-17,137.0,135.0,153.0,109.0,133.57142857142858,15.65095463389951,108.0,98.0
2019-03-20,27.08,92.8,10.65,4.35,1.8,65.62,108.0,2,3,1,1.0,6.123233995736766e-17,140.0,137.0,135.0,142.0,128.71428571428572,17.736161607614775,98.0,81.0
2019-03-21,19.81,79.16,3.53,3.2,1.58,55.06,98.0,3,3,1,1.0,6.123233995736766e-17,108.0,140.0,137.0,104.0,127.85714285714286,19.213090775376482,81.0,90.0
2019-03-22,18.03,65.91,7.2,3.15,1.44,37.28,81.0,4,3,1,1.0,6.123233995736766e-17,98.0,108.0,140.0,124.0,121.71428571428571,26.240644591385866,90.0,149.0
2019-03-23,31.96,115.36,10.21,3.86,1.44,51.37,90.0,5,3,1,1.0,6.123233995736766e-17,81.0,98.0,108.0,153.0,112.71428571428571,24.465719457465955,149.0,160.0
2019-03-24,49.58,188.42,20.72,5.64,1.575,66.28,149.0,6,3,1,1.0,6.123233995736766e-17,90.0,81.0,98.0,135.0,114.71428571428571,27.029084863743133,160.0,147.0
2019-03-25,55.04,206.24,34.94,4.78,1.71,50.36,160.0,0,3,1,1.0,6.123233995736766e-17,149.0,90.0,81.0,137.0,118.0,31.256999216175558,147.0,128.0
2019-03-26,40.69,151.14,23.48,1.22,1.71,35.31,147.0,1,3,1,1.0,6.123233995736766e-17,160.0,149.0,90.0,140.0,119.0,32.17659604950985,128.0,111.0
2019-03-27,34.51,127.47,10.1,24.1,1.6,29.84,128.0,2,3,1,1.0,6.123233995736766e-17,147.0,160.0,149.0,108.0,121.85714285714286,31.924016933068692,111.0,98.0
2019-03-28,32.94,105.11,10.48,42.91,1.61,32.64,111.0,3,3,1,1.0,6.123233995736766e-17,128.0,147.0,160.0,98.0,123.71428571428571,30.657866232090605,98.0,101.0
2019-03-29,29.55,100.84,5.19,28.83,1.5,21.98,98.0,4,3,1,1.0,6.123233995736766e-17,111.0,128.0,147.0,81.0,126.14285714285714,27.18718185363935,101.0,87.0
2019-03-30,24.24,89.43,5.62,28.87,1.49,17.4,101.0,5,3,1,1.0,6.123233995736766e-17,98.0,111.0,128.0,90.0,127.71428571428571,24.97808563330588,87.0,90.0
2019-03-31,18.43,90.53,5.77,28.27,1.46,14.4,87.0,6,3,1,1.0,6.123233995736766e-17,101.0,98.0,111.0,149.0,118.85714285714286,27.07661088731115,90.0,86.0
2019-04-01,19.8,87.09,2.49,29.66,1.43,13.07,90.0,0,4,1,0.8660254037844387,-0.4999999999999998,87.0,101.0,98.0,160.0,108.85714285714286,21.751847212199163,86.0,138.0
2019-04-02,22.9,89.81,18.8,22.45,1.7,43.42,86.0,1,4,1,0.8660254037844387,-0.4999999999999998,90.0,87.0,101.0,147.0,100.14285714285714,15.137465347370947,138.0,94.0
2019-04-03,27.35,92.65,29.36,22.97,1.79,35.71,138.0,2,4,1,0.8660254037844387,-0.4999999999999998,86.0,90.0,87.0,128.0,101.57142857142857,18.338094619826606,94.0,94.0
2019-04-04,16.91,66.3,19.55,22.44,1.72,21.67,94.0,3,4,1,0.8660254037844387,-0.4999999999999998,138.0,86.0,90.0,111.0,99.14285714285714,18.00396781664687,94.0,95.0
2019-04-05,19.09,60.59,19.43,22.69,1.76,25.83,94.0,4,4,1,0.8660254037844387,-0.4999999999999998,94.0,138.0,86.0,98.0,98.57142857142857,18.109455567531015,95.0,98.0
2019-04-06,17.84,66.09,21.09,22.87,1.78,14.0,95.0,5,4,1,0.8660254037844387,-0.4999999999999998,94.0,94.0,138.0,101.0,97.71428571428571,18.117342388940337,98.0,95.0
2019-04-07,18.74,71.13,22.34,23.04,1.85,15.02,98.0,6,4,1,0.8660254037844387,-0.4999999999999998,95.0,94.0,94.0,87.0,99.28571428571429,17.499659860639987,95.0,93.0
2019-04-08,16.1,59.23,21.77,23.21,1.78,21.22,95.0,0,4,1,0.8660254037844387,-0.4999999999999998,98.0,95.0,94.0,90.0,100.0,17.156145643277004,93.0,94.0
2019-04-09,16.87,60.7,18.49,23.29,1.73,22.29,93.0,1,4,1,0.8660254037844387,-0.4999999999999998,95.0,98.0,95.0,86.0,101.0,16.391054470858972,94.0,92.0
2019-04-10,14.22,52.28,17.8,23.47,1.77,19.22,94.0,2,4,1,0.8660254037844387,-0.4999999999999998,93.0,95.0,98.0,138.0,94.71428571428571,1.6035674514742335,92.0,96.0
2019-04-11,17.17,64.97,15.32,22.99,1.74,20.81,92.0,3,4,1,0.8660254037844387,-0.4999999999999998,94.0,93.0,95.0,94.0,94.42857142857143,1.902379462422418,96.0,109.0
2019-04-12,22.32,76.97,20.93,23.7,1.83,24.64,96.0,4,4,1,0.8660254037844387,-0.4999999999999998,92.0,94.0,93.0,94.0,94.71428571428571,1.9760470401184533,109.0,108.0
2019-04-13,33.1,114.51,34.12,25.33,2.06,25.95,109.0,5,4,1,0.8660254037844387,-0.4999999999999998,96.0,92.0,94.0,95.0,96.71428571428571,5.765248931147229,108.0,102.0
2019-04-14,22.7,83.82,30.65,23.82,1.91,15.09,108.0,6,4,1,0.8660254037844387,-0.4999999999999998,109.0,96.0,92.0,98.0,98.14285714285714,7.197883286739431,102.0,101.0
2019-04-15,20.7,84.28,28.62,22.74,1.88,35.39,102.0,0,4,1,0.8660254037844387,-0.4999999999999998,108.0,109.0,96.0,95.0,99.14285714285714,7.174690967295352,101.0,93.0
2019-04-16,27.28,106.52,24.92,19.95,1.85,28.41,101.0,1,4,1,0.8660254037844387,-0.4999999999999998,102.0,108.0,109.0,93.0,100.28571428571429,6.651172470932798,93.0,96.0
2019-04-17,13.15,50.12,20.49,19.47,1.69,19.05,93.0,2,4,1,0.8660254037844387,-0.4999999999999998,101.0,102.0,108.0,94.0,100.14285714285714,6.8173448259707055,96.0,99.0
2019-04-18,21.44,88.17,34.18,20.13,1.82,32.75,96.0,3,4,1,0.8660254037844387,-0.4999999999999998,93.0,101.0,102.0,92.0,100.71428571428571,6.156684327197633,99.0,102.0
2019-04-19,21.5,95.76,27.23,20.07,1.84,21.3,99.0,4,4,1,0.8660254037844387,-0.4999999999999998,96.0,93.0,101.0,96.0,101.14285714285714,5.871642911161198,102.0,100.0
2019-04-20,22.27,75.24,34.26,20.16,1.92,23.3,102.0,5,4,1,0.8660254037844387,-0.4999999999999998,99.0,96.0,93.0,109.0,100.14285714285714,4.810702354423541,100.0,98.0
2019-04-21,21.17,69.22,23.45,20.28,1.89,14.96,100.0,6,4,1,0.8660254037844387,-0.4999999999999998,102.0,99.0,96.0,108.0,99.0,3.366501646120551,98.0,97.0
2019-04-22,20.98,75.94,27.14,22.6,1.86,24.44,98.0,0,4,1,0.8660254037844387,-0.4999999999999998,100.0,102.0,99.0,102.0,98.42857142857143,3.1014589500824714,97.0,93.0
2019-04-23,18.09,71.69,22.31,24.63,1.84,32.45,97.0,1,4,1,0.8660254037844387,-0.4999999999999998,98.0,100.0,102.0,101.0,97.85714285714286,2.911389784310841,93.0,90.0
2019-04-24,16.24,67.42,14.65,23.62,1.77,34.41,93.0,2,4,1,0.8660254037844387,-0.4999999999999998,97.0,98.0,100.0,93.0,97.85714285714286,2.911389784310841,90.0,93.0
2019-04-25,17.48,57.09,15.74,22.37,1.76,31.8,90.0,3,4,1,0.8660254037844387,-0.4999999999999998,93.0,97.0,98.0,96.0,97.0,4.163331998932152,93.0,100.0
2019-04-26,17.19,74.24,18.72,20.85,1.79,27.22,93.0,4,4,1,0.8660254037844387,-0.4999999999999998,90.0,93.0,97.0,99.0,96.14285714285714,4.2983939414843695,100.0,103.0
2019-04-27,26.23,99.86,24.73,24.2,1.94,22.74,100.0,5,4,1,0.8660254037844387,-0.4999999999999998,93.0,90.0,93.0,102.0,95.85714285714286,3.891382420535947,103.0,97.0
2019-04-28,23.77,99.29,27.13,23.41,1.88,16.98,103.0,6,4,1,0.8660254037844387,-0.4999999999999998,100.0,93.0,90.0,100.0,96.28571428571429,4.535573676110621,97.0,96.0
2019-04-29,22.63,88.73,22.3,23.8,1.85,15.57,97.0,0,4,1,0.8660254037844387,-0.4999999999999998,103.0,100.0,93.0,98.0,96.14285714285714,4.488079449258468,96.0,90.0
2019-04-30,21.86,85.4,19.2,24.52,1.84,18.42,96.0,1,4,1,0.8660254037844387,-0.4999999999999998,97.0,103.0,100.0,97.0,96.0,4.472135954999474,90.0,105.0
2019-05-01,19.09,89.67,12.89,23.3,1.77,12.82,90.0,2,5,1,0.49999999999999994,-0.8660254037844387,96.0,97.0,103.0,93.0,95.57142857142857,4.928053803045718,105.0,97.0
2019-05-02,21.65,114.38,13.17,22.6,1.76,23.08,105.0,3,5,1,0.49999999999999994,-0.8660254037844387,90.0,96.0,97.0,90.0,97.71428571428571,5.345224838248391,97.0,92.0
2019-05-03,17.93,85.82,14.87,19.09,1.8,11.7,97.0,4,5,1,0.49999999999999994,-0.8660254037844387,105.0,90.0,96.0,93.0,98.28571428571429,4.956957592256313,92.0,91.0
2019-05-04,16.54,76.05,16.35,19.29,1.8,16.35,92.0,5,5,1,0.49999999999999994,-0.8660254037844387,97.0,105.0,90.0,100.0,97.14285714285714,5.398412465054531,91.0,93.0
2019-05-05,14.8,71.97,9.55,19.68,1.79,17.61,91.0,6,5,1,0.49999999999999994,-0.8660254037844387,92.0,97.0,105.0,103.0,95.42857142857143,5.126959555693159,93.0,95.0
2019-05-06,15.73,61.85,12.71,19.8,1.8,19.01,93.0,0,5,1,0.49999999999999994,-0.8660254037844387,91.0,92.0,97.0,97.0,94.85714285714286,5.145501965424717,95.0,90.0
2019-05-07,13.48,52.14,13.09,21.62,1.82,21.85,95.0,1,5,1,0.49999999999999994,-0.8660254037844387,93.0,91.0,92.0,96.0,94.71428571428571,5.122313465426965,90.0,91.0
2019-05-08,12.89,47.56,9.3,24.67,1.76,24.36,90.0,2,5,1,0.49999999999999994,-0.8660254037844387,95.0,93.0,91.0,90.0,94.71428571428571,5.122313465426965,91.0,89.0
2019-05-09,10.95,46.73,11.28,24.3,1.76,11.22,91.0,3,5,1,0.49999999999999994,-0.8660254037844387,90.0,95.0,93.0,105.0,92.71428571428571,2.497617912750969,89.0,93.0
2019-05-10,12.8,49.69,11.68,24.35,1.75,18.84,89.0,4,5,1,0.49999999999999994,-0.8660254037844387,91.0,90.0,95.0,97.0,91.57142857142857,1.9880595947758422,93.0,94.0
2019-05-11,12.96,45.38,19.48,24.31,1.78,16.01,93.0,5,5,1,0.49999999999999994,-0.8660254037844387,89.0,91.0,90.0,92.0,91.71428571428571,2.0586634591633874,94.0,92.0
2019-05-12,14.62,62.45,18.89,24.16,1.81,15.75,94.0,6,5,1,0.49999999999999994,-0.8660254037844387,93.0,89.0,91.0,91.0,92.14285714285714,2.1930626551749755,92.0,92.0
2019-05-13,18.73,70.93,14.77,24.34,1.77,15.94,92.0,0,5,1,0.49999999999999994,-0.8660254037844387,94.0,93.0,89.0,93.0,92.0,2.1602468994691275,92.0,80.0
2019-05-14,15.43,64.72,16.34,22.41,1.67,20.13,92.0,1,5,1,0.49999999999999994,-0.8660254037844387,92.0,94.0,93.0,95.0,91.57142857142857,1.7182493859682568,80.0,76.0
2019-05-15,15.19,64.91,15.87,22.61,1.45,22.69,80.0,2,5,1,0.49999999999999994,-0.8660254037844387,92.0,92.0,94.0,90.0,90.14285714285714,4.740906081772759,76.0,79.0
2019-05-16,16.01,58.49,14.07,19.58,1.43,19.94,76.0,3,5,1,0.49999999999999994,-0.8660254037844387,80.0,92.0,92.0,91.0,88.0,7.094598884597564,79.0,92.0
2019-05-17,15.25,64.12,18.31,18.85,1.5,14.32,79.0,4,5,1,0.49999999999999994,-0.8660254037844387,76.0,80.0,92.0,89.0,86.57142857142857,7.82851929075442,92.0,83.0
2019-05-18,16.14,74.72,20.05,24.56,1.62,14.88,92.0,5,5,1,0.49999999999999994,-0.8660254037844387,79.0,76.0,80.0,93.0,86.42857142857143,7.69972170183534,83.0,84.0
2019-05-19,12.37,58.55,20.27,23.69,1.54,15.65,83.0,6,5,1,0.49999999999999994,-0.8660254037844387,92.0,79.0,76.0,94.0,84.85714285714286,6.986381310057714,84.0,92.0
2019-05-20,12.04,58.33,16.87,17.63,1.65,22.67,84.0,0,5,1,0.49999999999999994,-0.8660254037844387,83.0,92.0,79.0,92.0,83.71428571428571,6.237368187365719,92.0,89.0
2019-05-21,14.62,69.48,14.59,11.05,1.79,15.14,92.0,1,5,1,0.49999999999999994,-0.8660254037844387,84.0,83.0,92.0,92.0,83.71428571428571,6.237368187365719,89.0,93.0
2019-05-22,11.08,45.31,12.09,10.84,1.75,14.77,89.0,2,5,1,0.49999999999999994,-0.8660254037844387,92.0,84.0,83.0,80.0,85.0,6.271629240742256,93.0,90.0
2019-05-23,25.61,55.67,13.9,11.83,1.78,17.17,93.0,3,5,1,0.49999999999999994,-0.8660254037844387,89.0,92.0,84.0,76.0,87.42857142857143,5.442338432975984,90.0,75.0
2019-05-24,16.84,79.74,12.8,10.96,1.69,14.79,90.0,4,5,1,0.49999999999999994,-0.8660254037844387,93.0,89.0,92.0,79.0,89.0,3.9999999999999765,75.0,71.0
2019-05-25,14.03,60.49,10.11,12.41,1.41,26.22,75.0,5,5,1,0.49999999999999994,-0.8660254037844387,90.0,93.0,89.0,92.0,86.57142857142857,6.347102826149437,71.0,86.0
2019-05-26,17.07,76.72,9.62,15.93,1.36,23.81,71.0,6,5,1,0.49999999999999994,-0.8660254037844387,75.0,90.0,93.0,83.0,84.85714285714286,8.668497975016034,86.0,90.0
2019-05-27,18.11,86.81,9.78,14.91,1.45,23.04,86.0,0,5,1,0.49999999999999994,-0.8660254037844387,71.0,75.0,90.0,84.0,85.14285714285714,8.668497975016034,90.0,91.0
2019-05-28,16.57,72.77,9.8,11.23,1.76,19.96,90.0,1,5,1,0.49999999999999994,-0.8660254037844387,86.0,71.0,75.0,92.0,84.85714285714286,8.434622525214577,91.0,73.0
2019-05-29,14.93,60.16,9.83,11.33,1.7,26.66,91.0,2,5,1,0.49999999999999994,-0.8660254037844387,90.0,86.0,71.0,89.0,85.14285714285714,8.629958891917761,73.0,76.0
2019-05-30,12.88,48.56,9.69,11.02,1.39,19.95,73.0,3,5,1,0.49999999999999994,-0.8660254037844387,91.0,90.0,86.0,93.0,82.28571428571429,8.90157824422699,76.0,81.0
2019-05-31,13.92,48.68,11.04,13.74,1.45,31.89,76.0,4,5,1,0.49999999999999994,-0.8660254037844387,73.0,91.0,90.0,90.0,80.28571428571429,8.440266301373155,81.0,81.0
2019-06-01,12.38,45.97,14.13,16.05,1.58,24.38,81.0,5,6,2,1.2246467991473532e-16,-1.0,76.0,73.0,91.0,75.0,81.14285714285714,8.11230693511555,81.0,81.0
2019-06-02,12.49,43.71,13.65,16.32,1.6,24.89,81.0,6,6,2,1.2246467991473532e-16,-1.0,81.0,76.0,73.0,71.0,82.57142857142857,6.80336051416609,81.0,66.0
2019-06-03,16.91,45.9,11.69,13.11,1.29,24.56,81.0,0,6,2,1.2246467991473532e-16,-1.0,81.0,81.0,76.0,86.0,81.85714285714286,6.64400911670485,66.0,64.0
2019-06-04,14.51,49.54,7.05,7.54,0.68,18.91,66.0,1,6,2,1.2246467991473532e-16,-1.0,81.0,81.0,81.0,90.0,78.42857142857143,7.828519290754446,64.0,65.0
2019-06-05,16.41,53.63,6.38,9.08,0.63,17.04,64.0,2,6,2,1.2246467991473532e-16,-1.0,66.0,81.0,81.0,91.0,74.57142857142857,7.230886134196471,65.0,72.0
2019-06-06,12.41,57.2,8.5,9.9,0.58,18.84,65.0,3,6,2,1.2246467991473532e-16,-1.0,64.0,66.0,81.0,73.0,73.42857142857143,8.100558475750187,72.0,77.0
2019-06-07,12.86,65.7,11.45,10.37,0.5,17.37,72.0,4,6,2,1.2246467991473532e-16,-1.0,65.0,64.0,66.0,76.0,72.85714285714286,8.029706749078144,77.0,86.0
2019-06-08,14.42,77.47,11.93,8.74,0.52,18.69,77.0,5,6,2,1.2246467991473532e-16,-1.0,72.0,65.0,64.0,81.0,72.28571428571429,7.476948702830757,86.0,87.0
2019-06-09,16.3,85.38,11.54,9.59,0.55,15.94,86.0,6,6,2,1.2246467991473532e-16,-1.0,77.0,72.0,65.0,81.0,73.0,8.602325267042664,87.0,90.0
2019-06-10,18.41,75.69,20.97,9.76,0.68,22.76,87.0,0,6,2,1.2246467991473532e-16,-1.0,86.0,77.0,72.0,81.0,73.85714285714286,9.754120008635208,90.0,71.0
2019-06-11,18.13,50.39,28.04,9.34,0.7,30.22,90.0,1,6,2,1.2246467991473532e-16,-1.0,87.0,86.0,77.0,66.0,77.28571428571429,10.703804397102417,71.0,61.0
2019-06-12,15.48,46.88,19.26,9.46,0.63,20.67,71.0,2,6,2,1.2246467991473532e-16,-1.0,90.0,87.0,86.0,64.0,78.28571428571429,9.516902257112287,61.0,69.0
2019-06-13,13.64,57.28,15.52,8.57,0.53,21.85,61.0,3,6,2,1.2246467991473532e-16,-1.0,71.0,90.0,87.0,65.0,77.71428571428571,10.51529498261599,69.0,62.0
2019-06-14,15.87,56.1,13.6,9.5,0.53,13.58,69.0,4,6,2,1.2246467991473532e-16,-1.0,61.0,71.0,90.0,72.0,77.28571428571429,10.843035948083406,62.0,58.0
2019-06-15,13.97,48.22,14.4,10.38,0.51,12.83,62.0,5,6,2,1.2246467991473532e-16,-1.0,69.0,61.0,71.0,77.0,75.14285714285714,12.294017127971545,58.0,60.0
2019-06-16,11.64,55.6,9.91,9.73,0.33,14.62,58.0,6,6,2,1.2246467991473532e-16,-1.0,62.0,69.0,61.0,86.0,71.14285714285714,12.720437249148496,60.0,65.0
2019-06-17,12.33,59.29,9.55,10.37,0.44,14.3,60.0,0,6,2,1.2246467991473532e-16,-1.0,58.0,62.0,69.0,87.0,67.28571428571429,11.101265479128774,65.0,61.0
2019-06-18,14.3,52.99,11.91,10.39,0.51,14.79,65.0,1,6,2,1.2246467991473532e-16,-1.0,60.0,58.0,62.0,90.0,63.714285714285715,4.820590756131074,61.0,80.0
2019-06-19,14.45,56.82,13.23,10.8,0.53,12.38,61.0,2,6,2,1.2246467991473532e-16,-1.0,65.0,60.0,58.0,71.0,62.285714285714285,3.638419332360746,80.0,82.0
2019-06-20,15.98,82.29,11.25,10.9,0.48,13.0,80.0,3,6,2,1.2246467991473532e-16,-1.0,61.0,65.0,60.0,61.0,65.0,7.527726527090883,82.0,84.0
2019-06-21,16.49,78.83,11.72,11.22,0.46,12.15,82.0,4,6,2,1.2246467991473532e-16,-1.0,80.0,61.0,65.0,69.0,66.85714285714286,9.906707684334801,84.0,90.0
2019-06-22,19.33,88.55,13.33,11.19,0.46,13.26,84.0,5,6,2,1.2246467991473532e-16,-1.0,82.0,80.0,61.0,62.0,70.0,11.474609652039051,90.0,92.0
2019-06-23,18.81,88.85,13.27,11.77,0.43,13.74,90.0,6,6,2,1.2246467991473532e-16,-1.0,84.0,82.0,80.0,58.0,74.57142857142857,12.245504520124191,92.0,71.0
2019-06-24,20.36,80.85,15.53,12.04,0.54,13.16,92.0,0,6,2,1.2246467991473532e-16,-1.0,90.0,84.0,82.0,60.0,79.14285714285714,11.866318882009066,71.0,63.0
2019-06-25,17.72,53.76,14.17,11.48,0.52,14.9,71.0,1,6,2,1.2246467991473532e-16,-1.0,92.0,90.0,84.0,65.0,80.0,10.847426730182038,63.0,60.0
2019-06-26,15.04,49.61,13.16,11.63,0.47,13.43,63.0,2,6,2,1.2246467991473532e-16,-1.0,71.0,92.0,90.0,61.0,80.28571428571429,10.274795792200917,60.0,59.0
2019-06-27,10.52,31.79,14.18,10.94,0.51,13.41,60.0,3,6,2,1.2246467991473532e-16,-1.0,63.0,71.0,92.0,80.0,77.42857142857143,12.830395458404576,59.0,63.0
2019-06-28,7.2,31.49,11.4,9.39,0.44,16.47,59.0,4,6,2,1.2246467991473532e-16,-1.0,60.0,63.0,71.0,82.0,74.14285714285714,14.322808982279222,63.0,59.0
2019-06-29,10.31,34.34,15.26,9.21,0.49,19.59,63.0,5,6,2,1.2246467991473532e-16,-1.0,59.0,60.0,63.0,84.0,71.14285714285714,14.111798508441737,59.0,59.0
2019-06-30,11.91,39.11,15.23,9.42,0.53,14.72,59.0,6,6,2,1.2246467991473532e-16,-1.0,63.0,59.0,60.0,90.0,66.71428571428571,11.898379241368547,59.0,61.0
2019-07-01,8.73,24.69,17.34,11.08,0.55,17.01,59.0,0,7,2,-0.4999999999999997,-0.8660254037844388,59.0,63.0,59.0,92.0,62.0,4.358898943540842,61.0,67.0
2019-07-02,9.86,21.58,19.56,12.53,0.59,14.59,61.0,1,7,2,-0.4999999999999997,-0.8660254037844388,59.0,59.0,63.0,71.0,60.57142857142857,1.8126539343503423,67.0,68.0
2019-07-03,13.44,31.61,17.27,13.27,0.62,12.88,67.0,2,7,2,-0.4999999999999997,-0.8660254037844388,61.0,59.0,59.0,63.0,61.142857142857146,2.968084198523569,68.0,84.0
2019-07-04,16.28,43.96,14.32,12.93,0.72,12.16,68.0,3,7,2,-0.4999999999999997,-0.8660254037844388,67.0,61.0,59.0,60.0,62.285714285714285,3.860668582611487,84.0,57.0
2019-07-05,13.97,53.1,13.72,12.61,0.57,12.64,84.0,4,7,2,-0.4999999999999997,-0.8660254037844388,68.0,67.0,61.0,59.0,65.85714285714286,8.76410427879115,57.0,76.0
2019-07-06,10.48,46.43,11.91,11.13,0.42,14.05,57.0,5,7,2,-0.4999999999999997,-0.8660254037844388,84.0,68.0,67.0,63.0,65.0,9.363047936792173,76.0,84.0
2019-07-07,17.65,82.39,9.3,11.35,0.42,15.25,76.0,6,7,2,-0.4999999999999997,-0.8660254037844388,57.0,84.0,68.0,59.0,67.42857142857143,9.744351233016106,84.0,61.0
2019-07-08,9.78,54.07,12.64,11.47,0.44,14.2,84.0,0,7,2,-0.4999999999999997,-0.8660254037844388,76.0,57.0,84.0,59.0,71.0,10.677078252031391,61.0,59.0
2019-07-09,10.49,45.85,10.51,10.75,0.41,14.75,61.0,1,7,2,-0.4999999999999997,-0.8660254037844388,84.0,76.0,57.0,61.0,71.0,10.677078252031391,59.0,67.0
2019-07-10,8.69,28.14,12.99,9.36,0.47,12.85,59.0,2,7,2,-0.4999999999999997,-0.8660254037844388,61.0,84.0,76.0,67.0,69.85714285714286,11.567606658662175,67.0,72.0
2019-07-11,11.0,49.5,10.58,7.28,0.41,12.22,67.0,3,7,2,-0.4999999999999997,-0.8660254037844388,59.0,61.0,84.0,68.0,69.71428571428571,11.600492600378239,72.0,63.0
2019-07-12,11.6,48.04,11.89,7.21,0.44,13.87,72.0,4,7,2,-0.4999999999999997,-0.8660254037844388,67.0,59.0,61.0,84.0,68.0,9.899494936611749,63.0,65.0
2019-07-13,11.06,44.93,11.47,7.38,0.44,11.65,63.0,5,7,2,-0.4999999999999997,-0.8660254037844388,72.0,67.0,59.0,57.0,68.85714285714286,9.007933011676919,65.0,66.0
2019-07-14,9.18,43.54,9.99,8.0,0.44,13.45,65.0,6,7,2,-0.4999999999999997,-0.8660254037844388,63.0,72.0,67.0,76.0,67.28571428571429,8.499299691039072,66.0,66.0
2019-07-15,10.76,57.0,9.99,8.18,0.43,13.18,66.0,0,7,2,-0.4999999999999997,-0.8660254037844388,65.0,63.0,72.0,84.0,64.71428571428571,4.27060829836884,66.0,69.0
2019-07-16,11.46,51.18,9.44,8.32,0.45,11.87,66.0,1,7,2,-0.4999999999999997,-0.8660254037844388,66.0,65.0,63.0,61.0,65.42857142857143,3.9520940802376128,69.0,70.0
2019-07-17,14.55,59.21,9.47,8.6,0.49,12.26,69.0,2,7,2,-0.4999999999999997,-0.8660254037844388,66.0,66.0,65.0,59.0,66.85714285714286,2.911389784311272,70.0,77.0
2019-07-18,14.07,62.65,11.3,9.19,0.46,12.41,70.0,3,7,2,-0.4999999999999997,-0.8660254037844388,69.0,66.0,66.0,67.0,67.28571428571429,3.1471831698780197,77.0,78.0
2019-07-19,18.79,78.75,13.24,10.0,0.51,12.25,77.0,4,7,2,-0.4999999999999997,-0.8660254037844388,70.0,69.0,66.0,72.0,68.0,4.618802153517175,78.0,79.0
2019-07-20,18.67,57.53,16.96,9.35,0.62,12.88,78.0,5,7,2,-0.4999999999999997,-0.8660254037844388,77.0,70.0,69.0,63.0,70.14285714285714,5.336308693862458,79.0,64.0
2019-07-21,22.6,48.5,19.66,9.54,0.71,16.46,79.0,6,7,2,-0.4999999999999997,-0.8660254037844388,78.0,77.0,70.0,65.0,72.14285714285714,5.698788509516041,64.0,55.0
2019-07-22,11.58,32.14,16.13,8.73,0.55,17.35,64.0,0,7,2,-0.4999999999999997,-0.8660254037844388,79.0,78.0,77.0,66.0,71.85714285714286,6.0944940022005705,55.0,51.0
2019-07-23,7.33,25.93,15.21,8.17,0.4,15.68,55.0,1,7,2,-0.4999999999999997,-0.8660254037844388,64.0,79.0,78.0,66.0,70.28571428571429,8.71233389539011,51.0,56.0
2019-07-24,7.93,22.05,13.77,7.67,0.28,15.25,51.0,2,7,2,-0.4999999999999997,-0.8660254037844388,55.0,64.0,79.0,69.0,67.71428571428571,11.397577019031864,56.0,59.0
2019-07-25,14.23,42.48,13.12,8.02,0.31,14.15,56.0,3,7,2,-0.4999999999999997,-0.8660254037844388,51.0,55.0,64.0,70.0,65.71428571428571,12.134170562428094,59.0,56.0
2019-07-26,11.83,41.53,10.47,8.06,0.27,14.63,59.0,4,7,2,-0.4999999999999997,-0.8660254037844388,56.0,51.0,55.0,77.0,63.142857142857146,11.21648446749359,56.0,61.0
2019-07-27,11.84,43.68,10.49,7.62,0.43,17.47,56.0,5,7,2,-0.4999999999999997,-0.8660254037844388,59.0,56.0,51.0,78.0,60.0,9.273618495495755,61.0,65.0
2019-07-28,14.16,53.66,9.9,8.41,0.46,16.94,61.0,6,7,2,-0.4999999999999997,-0.8660254037844388,56.0,59.0,56.0,79.0,57.42857142857143,4.276179870598881,65.0,58.0
2019-07-29,12.93,47.19,10.8,8.57,0.51,13.16,65.0,0,7,2,-0.4999999999999997,-0.8660254037844388,61.0,56.0,59.0,64.0,57.57142857142857,4.540820148282511,58.0,56.0
2019-07-30,10.37,32.95,12.72,7.7,0.46,15.39,58.0,1,7,2,-0.4999999999999997,-0.8660254037844388,65.0,61.0,56.0,55.0,58.0,4.3969686527577325,56.0,58.0
2019-07-31,9.25,33.22,11.75,7.75,0.46,14.5,56.0,2,7,2,-0.4999999999999997,-0.8660254037844388,58.0,65.0,61.0,51.0,58.714285714285715,3.352326839390232,58.0,56.0
2019-08-01,9.44,38.95,10.59,7.93,0.43,14.61,58.0,3,8,2,-0.8660254037844385,-0.5000000000000004,56.0,58.0,65.0,56.0,59.0,3.162277660168519,56.0,49.0
2019-08-02,7.97,29.55,9.89,8.6,0.4,13.84,56.0,4,8,2,-0.8660254037844385,-0.5000000000000004,58.0,56.0,58.0,59.0,58.57142857142857,3.3594217189443687,49.0,48.0
2019-08-03,8.06,23.05,8.7,10.29,0.39,13.76,49.0,5,8,2,-0.8660254037844385,-0.5000000000000004,56.0,58.0,56.0,56.0,57.57142857142857,4.928053803045891,48.0,56.0
2019-08-04,10.3,35.88,7.87,10.12,0.4,13.98,48.0,6,8,2,-0.8660254037844385,-0.5000000000000004,49.0,56.0,58.0,61.0,55.714285714285715,5.794085654478128,56.0,59.0
2019-08-05,11.9,41.42,9.02,10.04,0.42,12.85,56.0,0,8,2,-0.8660254037844385,-0.5000000000000004,48.0,49.0,56.0,65.0,54.42857142857143,4.157609203101568,59.0,60.0
2019-08-06,10.6,41.04,9.73,9.83,0.44,11.1,59.0,1,8,2,-0.8660254037844385,-0.5000000000000004,56.0,48.0,49.0,58.0,54.57142857142857,4.31497944595895,60.0,69.0
2019-08-07,12.73,51.39,9.14,9.37,0.43,12.52,60.0,2,8,2,-0.8660254037844385,-0.5000000000000004,59.0,56.0,48.0,56.0,55.142857142857146,4.775931721614583,69.0,74.0
2019-08-08,18.67,72.32,9.7,9.46,0.44,12.52,69.0,3,8,2,-0.8660254037844385,-0.5000000000000004,60.0,59.0,56.0,58.0,56.714285714285715,7.111359122659275,74.0,78.0
2019-08-09,18.48,66.95,8.54,9.26,0.43,11.43,74.0,4,8,2,-0.8660254037844385,-0.5000000000000004,69.0,60.0,59.0,56.0,59.285714285714285,9.621404708847324,78.0,72.0
2019-08-10,18.71,76.53,7.54,9.13,0.41,12.07,78.0,5,8,2,-0.8660254037844385,-0.5000000000000004,74.0,69.0,60.0,49.0,63.42857142857143,10.643576198144846,72.0,66.0
2019-08-11,15.56,62.75,7.74,8.71,0.43,12.19,72.0,6,8,2,-0.8660254037844385,-0.5000000000000004,78.0,74.0,69.0,48.0,66.85714285714286,8.4936951406828,66.0,66.0
2019-08-12,12.73,56.76,7.92,7.44,0.45,11.54,66.0,0,8,2,-0.8660254037844385,-0.5000000000000004,72.0,78.0,74.0,56.0,68.28571428571429,7.087883692478089,66.0,69.0
2019-08-13,13.07,52.56,10.19,8.19,0.54,9.89,66.0,1,8,2,-0.8660254037844385,-0.5000000000000004,66.0,72.0,78.0,59.0,69.28571428571429,5.964178784328169,69.0,70.0
2019-08-14,15.06,61.4,12.45,8.64,0.57,10.8,69.0,2,8,2,-0.8660254037844385,-0.5000000000000004,66.0,66.0,72.0,60.0,70.57142857142857,4.391550328268602,70.0,60.0
2019-08-15,11.75,47.84,10.33,9.53,0.53,12.32,70.0,3,8,2,-0.8660254037844385,-0.5000000000000004,69.0,66.0,66.0,69.0,70.71428571428571,4.347960660443434,60.0,67.0
2019-08-16,11.89,51.78,9.91,9.55,0.52,12.81,60.0,4,8,2,-0.8660254037844385,-0.5000000000000004,70.0,69.0,66.0,74.0,68.71428571428571,5.618845839799328,67.0,65.0
2019-08-17,13.3,64.05,9.24,7.74,0.52,13.62,67.0,5,8,2,-0.8660254037844385,-0.5000000000000004,60.0,70.0,69.0,78.0,67.14285714285714,3.8483144114696928,65.0,67.0
2019-08-18,11.37,52.68,8.69,7.38,0.55,11.22,65.0,6,8,2,-0.8660254037844385,-0.5000000000000004,67.0,60.0,70.0,72.0,66.14285714285714,3.2366943748509716,67.0,73.0
2019-08-19,11.44,53.12,9.8,8.07,0.54,10.44,67.0,0,8,2,-0.8660254037844385,-0.5000000000000004,65.0,67.0,60.0,66.0,66.28571428571429,3.2513733362119503,73.0,68.0
2019-08-20,13.78,63.94,11.11,8.9,0.51,10.72,73.0,1,8,2,-0.8660254037844385,-0.5000000000000004,67.0,65.0,67.0,66.0,67.28571428571429,4.1115400891592255,68.0,62.0
2019-08-21,15.77,53.39,11.06,8.59,0.52,11.15,68.0,2,8,2,-0.8660254037844385,-0.5000000000000004,73.0,67.0,65.0,69.0,67.14285714285714,4.059087394500396,62.0,64.0
2019-08-22,12.96,53.14,10.74,9.01,0.55,10.33,62.0,3,8,2,-0.8660254037844385,-0.5000000000000004,68.0,73.0,67.0,70.0,66.0,4.242640687119456,64.0,62.0
2019-08-23,16.01,52.92,11.58,9.56,0.6,9.38,64.0,4,8,2,-0.8660254037844385,-0.5000000000000004,62.0,68.0,73.0,60.0,66.57142857142857,3.5050983275388683,62.0,66.0
2019-08-24,18.56,49.36,10.06,9.6,0.58,11.89,62.0,5,8,2,-0.8660254037844385,-0.5000000000000004,64.0,62.0,68.0,67.0,65.85714285714286,3.891382420536253,66.0,73.0
2019-08-25,12.37,47.31,11.86,11.14,0.69,8.11,66.0,6,8,2,-0.8660254037844385,-0.5000000000000004,62.0,64.0,62.0,65.0,66.0,3.872983346207605,73.0,64.0
2019-08-26,14.76,59.08,11.3,12.3,0.64,8.62,73.0,0,8,2,-0.8660254037844385,-0.5000000000000004,66.0,62.0,64.0,67.0,66.85714285714286,4.705619740571761,64.0,53.0
2019-08-27,13.53,55.06,10.38,11.97,0.35,10.51,64.0,1,8,2,-0.8660254037844385,-0.5000000000000004,73.0,66.0,62.0,73.0,65.57142857142857,3.909694909544185,53.0,57.0
2019-08-28,12.75,45.0,9.91,11.47,0.46,9.27,53.0,2,8,2,-0.8660254037844385,-0.5000000000000004,64.0,73.0,66.0,68.0,63.42857142857143,5.940177967512047,57.0,62.0
2019-08-29,13.24,46.32,10.03,11.13,0.66,8.93,57.0,3,8,2,-0.8660254037844385,-0.5000000000000004,53.0,64.0,73.0,62.0,62.714285714285715,6.421689437998107,62.0,62.0
2019-08-30,11.17,39.63,10.86,10.95,0.67,7.12,62.0,4,8,2,-0.8660254037844385,-0.5000000000000004,57.0,53.0,64.0,64.0,62.42857142857143,6.399404734221936,62.0,62.0
2019-08-31,11.53,42.24,11.28,11.18,0.63,8.93,62.0,5,8,2,-0.8660254037844385,-0.5000000000000004,62.0,57.0,53.0,62.0,62.42857142857143,6.399404734221936,62.0,67.0
2019-09-01,9.75,32.99,10.74,11.02,0.65,10.84,62.0,6,9,2,-1.0,-1.8369701987210297e-16,62.0,62.0,57.0,66.0,61.857142857142854,6.202917900165342,67.0,60.0
2019-09-02,12.12,41.22,9.33,10.89,0.71,8.56,67.0,0,9,2,-1.0,-1.8369701987210297e-16,62.0,62.0,62.0,73.0,61.0,4.618802153517122,60.0,54.0
2019-09-03,6.72,21.31,11.46,10.98,0.64,9.87,60.0,1,9,2,-1.0,-1.8369701987210297e-16,67.0,62.0,62.0,64.0,60.42857142857143,4.429339411136683,54.0,49.0
2019-09-04,7.68,20.72,12.01,11.23,0.62,9.36,54.0,2,9,2,-1.0,-1.8369701987210297e-16,60.0,67.0,62.0,53.0,60.57142857142857,4.157609203101625,49.0,47.0
2019-09-05,5.68,20.38,10.54,11.37,0.6,10.26,49.0,3,9,2,-1.0,-1.8369701987210297e-16,54.0,60.0,67.0,57.0,59.42857142857143,5.996030432909919,47.0,49.0
2019-09-06,7.6,29.36,10.81,10.93,0.57,9.62,47.0,4,9,2,-1.0,-1.8369701987210297e-16,49.0,54.0,60.0,62.0,57.285714285714285,7.432233529572118,49.0,51.0
2019-09-07,10.71,34.27,11.97,11.08,0.62,9.12,49.0,5,9,2,-1.0,-1.8369701987210297e-16,47.0,49.0,54.0,62.0,55.42857142857143,7.678045386189221,51.0,54.0
2019-09-08,8.69,29.63,13.69,11.81,0.67,12.28,51.0,6,9,2,-1.0,-1.8369701987210297e-16,49.0,47.0,49.0,62.0,53.857142857142854,7.221001117771527,54.0,54.0
2019-09-09,12.07,46.77,12.67,12.02,0.57,9.24,54.0,0,9,2,-1.0,-1.8369701987210297e-16,51.0,49.0,47.0,67.0,52.0,4.396968652757681,54.0,55.0
2019-09-10,13.89,51.1,12.29,11.8,0.39,10.38,54.0,1,9,2,-1.0,-1.8369701987210297e-16,54.0,51.0,49.0,60.0,51.142857142857146,2.9113897843110546,55.0,55.0
2019-09-11,14.62,47.04,13.79,12.02,0.52,7.52,55.0,2,9,2,-1.0,-1.8369701987210297e-16,54.0,54.0,51.0,54.0,51.285714285714285,3.0937725468154365,55.0,53.0
2019-09-12,10.93,41.79,12.54,11.38,0.44,7.84,55.0,3,9,2,-1.0,-1.8369701987210297e-16,55.0,54.0,54.0,49.0,52.142857142857146,3.184785258515479,53.0,60.0
2019-09-13,12.93,39.62,13.82,12.0,0.54,7.08,53.0,4,9,2,-1.0,-1.8369701987210297e-16,55.0,55.0,54.0,47.0,53.0,2.236067977499885,60.0,57.0
2019-09-14,13.24,54.5,12.13,11.58,0.46,9.01,60.0,5,9,2,-1.0,-1.8369701987210297e-16,53.0,55.0,55.0,49.0,54.57142857142857,2.760262237369511,57.0,65.0
2019-09-15,10.85,32.85,17.71,11.31,0.62,12.04,57.0,6,9,2,-1.0,-1.8369701987210297e-16,60.0,53.0,55.0,51.0,55.42857142857143,2.370453040886527,65.0,64.0
2019-09-16,11.95,45.25,13.78,12.4,0.57,7.17,65.0,0,9,2,-1.0,-1.8369701987210297e-16,57.0,60.0,53.0,54.0,57.0,4.20317340430624,64.0,80.0
2019-09-17,16.24,43.48,12.93,11.46,0.59,8.24,64.0,1,9,2,-1.0,-1.8369701987210297e-16,65.0,57.0,60.0,54.0,58.42857142857143,4.685336802448856,80.0,83.0
2019-09-18,17.95,42.66,17.44,12.06,0.8,7.93,80.0,2,9,2,-1.0,-1.8369701987210297e-16,64.0,65.0,57.0,55.0,62.0,9.092121131323955,83.0,73.0
2019-09-19,21.73,38.49,30.97,11.61,0.83,18.46,83.0,3,9,2,-1.0,-1.8369701987210297e-16,80.0,64.0,65.0,55.0,66.0,11.372481406154701,73.0,57.0
2019-09-20,14.94,34.2,21.94,10.98,0.75,10.91,73.0,4,9,2,-1.0,-1.8369701987210297e-16,83.0,80.0,64.0,53.0,68.85714285714286,9.99047165100452,57.0,56.0
2019-09-21,12.09,33.0,16.97,8.75,0.47,11.09,57.0,5,9,2,-1.0,-1.8369701987210297e-16,73.0,83.0,80.0,60.0,68.42857142857143,10.48581808693924,56.0,64.0
2019-09-22,15.09,44.55,15.95,6.85,0.45,11.12,56.0,6,9,2,-1.0,-1.8369701987210297e-16,57.0,73.0,83.0,57.0,68.28571428571429,10.672617387724674,64.0,67.0
2019-09-23,18.6,57.85,13.64,7.6,0.55,8.68,64.0,0,9,2,-1.0,-1.8369701987210297e-16,56.0,57.0,73.0,65.0,68.14285714285714,10.730463976122294,67.0,64.0
2019-09-24,15.04,59.47,12.38,7.4,0.57,9.33,67.0,1,9,2,-1.0,-1.8369701987210297e-16,64.0,56.0,57.0,64.0,68.57142857142857,10.59649537751588,64.0,70.0
2019-09-25,16.9,37.22,22.09,7.63,0.67,10.74,64.0,2,9,2,-1.0,-1.8369701987210297e-16,67.0,64.0,56.0,80.0,66.28571428571429,9.375753937938162,70.0,49.0
2019-09-26,17.28,39.46,19.61,7.97,0.67,10.72,70.0,3,9,2,-1.0,-1.8369701987210297e-16,64.0,67.0,64.0,83.0,64.42857142857143,6.29436633975562,49.0,40.0
2019-09-27,8.39,22.71,12.29,7.44,0.39,10.11,49.0,4,9,2,-1.0,-1.8369701987210297e-16,70.0,64.0,67.0,73.0,61.0,7.302967433402267,40.0,42.0
2019-09-28,8.32,27.38,10.2,7.82,0.28,7.38,40.0,5,9,2,-1.0,-1.8369701987210297e-16,49.0,70.0,64.0,57.0,58.57142857142857,10.829852920779437,42.0,41.0
2019-09-29,9.62,32.07,9.67,8.2,0.28,7.3,42.0,6,9,2,-1.0,-1.8369701987210297e-16,40.0,49.0,70.0,56.0,56.57142857142857,12.541360144964932,41.0,50.0
2019-09-30,8.33,26.16,9.8,8.42,0.32,6.25,41.0,0,9,2,-1.0,-1.8369701987210297e-16,42.0,40.0,49.0,64.0,53.285714285714285,13.262909254939592,50.0,64.0
2019-10-01,10.46,42.8,8.67,8.4,0.35,6.29,50.0,1,10,3,-0.8660254037844386,0.5000000000000001,41.0,42.0,40.0,67.0,50.857142857142854,11.810003830490093,64.0,68.0
2019-10-02,16.15,56.33,11.75,8.57,0.47,8.0,64.0,2,10,3,-0.8660254037844386,0.5000000000000001,50.0,41.0,42.0,64.0,50.857142857142854,11.810003830490093,68.0,72.0
2019-10-03,17.62,52.25,14.41,8.76,0.66,8.22,68.0,3,10,3,-0.8660254037844386,0.5000000000000001,64.0,50.0,41.0,70.0,50.57142857142857,11.282097069504166,72.0,96.0
2019-10-04,24.77,64.32,18.88,9.19,0.71,10.65,72.0,4,10,3,-0.8660254037844386,0.5000000000000001,68.0,64.0,50.0,49.0,53.857142857142854,13.813382055439002,96.0,99.0
2019-10-05,32.11,74.94,23.52,9.91,1.19,15.35,96.0,5,10,3,-0.8660254037844386,0.5000000000000001,72.0,68.0,64.0,40.0,61.857142857142854,19.49725255370248,99.0,93.0
2019-10-06,35.13,77.75,27.19,11.47,0.83,27.28,99.0,6,10,3,-0.8660254037844386,0.5000000000000001,96.0,72.0,68.0,42.0,70.0,21.610182784974338,93.0,112.0
2019-10-07,45.48,88.32,26.69,10.13,0.84,26.16,93.0,0,10,3,-0.8660254037844386,0.5000000000000001,99.0,96.0,72.0,41.0,77.42857142857143,18.724824368176304,112.0,90.0
2019-10-08,54.08,99.28,26.33,10.18,1.45,27.71,112.0,1,10,3,-0.8660254037844386,0.5000000000000001,93.0,99.0,96.0,50.0,86.28571428571429,18.245677896553023,90.0,89.0
2019-10-09,21.6,49.28,27.88,10.08,1.02,20.53,90.0,2,10,3,-0.8660254037844386,0.5000000000000001,112.0,93.0,99.0,64.0,90.0,15.373136743466999,89.0,118.0
2019-10-10,39.03,81.82,33.69,11.46,0.89,24.9,89.0,3,10,3,-0.8660254037844386,0.5000000000000001,90.0,112.0,93.0,68.0,93.0,12.055427546683493,118.0,110.0
2019-10-11,39.11,77.93,34.85,11.26,1.12,30.85,118.0,4,10,3,-0.8660254037844386,0.5000000000000001,89.0,90.0,112.0,72.0,99.57142857142857,11.207990347026968,110.0,112.0
2019-10-12,49.37,103.99,32.46,12.09,0.83,32.79,110.0,5,10,3,-0.8660254037844386,0.5000000000000001,118.0,89.0,90.0,96.0,101.57142857142857,11.702665549026987,112.0,117.0
2019-10-13,42.92,88.36,30.6,12.81,1.54,27.03,112.0,6,10,3,-0.8660254037844386,0.5000000000000001,110.0,118.0,89.0,99.0,103.42857142857143,12.24550452012424,117.0,116.0
2019-10-14,55.33,112.01,32.7,13.2,0.98,25.92,117.0,0,10,3,-0.8660254037844386,0.5000000000000001,112.0,110.0,118.0,93.0,106.85714285714286,12.19875091185676,116.0,121.0
2019-10-15,50.61,111.2,33.54,14.05,1.15,26.74,116.0,1,10,3,-0.8660254037844386,0.5000000000000001,117.0,112.0,110.0,112.0,107.42857142857143,12.567910763224859,121.0,135.0
2019-10-16,49.19,118.26,35.06,14.7,1.24,29.97,121.0,2,10,3,-0.8660254037844386,0.5000000000000001,116.0,117.0,112.0,90.0,111.85714285714286,10.730463976122357,135.0,135.0
2019-10-17,56.89,126.82,34.5,13.74,1.22,38.93,135.0,3,10,3,-0.8660254037844386,0.5000000000000001,121.0,116.0,117.0,89.0,118.42857142857143,8.18244345855097,135.0,99.0
2019-10-18,62.55,129.06,35.88,13.29,1.19,13.21,135.0,4,10,3,-0.8660254037844386,0.5000000000000001,135.0,121.0,116.0,118.0,120.85714285714286,10.286375640113794,99.0,86.0
2019-10-19,28.56,48.57,24.93,11.67,1.08,8.47,99.0,5,10,3,-0.8660254037844386,0.5000000000000001,135.0,135.0,121.0,110.0,119.28571428571429,12.763414978161784,86.0,81.0
2019-10-20,15.09,29.91,21.0,11.06,1.19,8.69,86.0,6,10,3,-0.8660254037844386,0.5000000000000001,99.0,135.0,135.0,112.0,115.57142857142857,17.96159925004035,81.0,76.0
2019-10-21,17.75,41.34,20.24,10.82,1.03,15.31,81.0,0,10,3,-0.8660254037844386,0.5000000000000001,86.0,99.0,135.0,117.0,110.42857142857143,22.149922068013016,76.0,72.0
2019-10-22,17.92,44.55,22.87,10.54,1.04,15.92,76.0,1,10,3,-0.8660254037844386,0.5000000000000001,81.0,86.0,99.0,116.0,104.71428571428571,25.39497513101291,72.0,87.0
2019-10-23,17.85,41.64,18.52,11.87,0.89,7.6,72.0,2,10,3,-0.8660254037844386,0.5000000000000001,76.0,81.0,86.0,121.0,97.71428571428571,26.868285429196334,87.0,82.0
2019-10-24,30.71,72.1,24.2,12.45,1.04,8.38,87.0,3,10,3,-0.8660254037844386,0.5000000000000001,72.0,76.0,81.0,135.0,90.85714285714286,21.318447187264663,82.0,69.0
2019-10-25,20.04,46.59,23.05,10.47,0.93,6.84,82.0,4,10,3,-0.8660254037844386,0.5000000000000001,87.0,72.0,76.0,135.0,83.28571428571429,8.712333895390145,69.0,105.0
2019-10-26,25.58,57.91,18.86,9.45,0.91,8.26,69.0,5,10,3,-0.8660254037844386,0.5000000000000001,82.0,87.0,72.0,99.0,79.0,6.8799224801835885,105.0,92.0
2019-10-27,39.09,76.14,15.53,9.28,0.93,11.02,105.0,6,10,3,-0.8660254037844386,0.5000000000000001,69.0,82.0,87.0,86.0,81.71428571428571,11.968211864689623,92.0,113.0
2019-10-28,53.5,91.27,17.36,9.61,0.68,13.97,92.0,0,10,3,-0.8660254037844386,0.5000000000000001,105.0,69.0,82.0,81.0,83.28571428571429,12.566016150903362,113.0,97.0
2019-10-29,56.28,102.53,25.2,13.83,0.67,20.94,113.0,1,10,3,-0.8660254037844386,0.5000000000000001,92.0,105.0,69.0,76.0,88.57142857142857,16.2363495780009,97.0,81.0
2019-10-30,40.81,84.5,25.09,13.26,0.83,16.87,97.0,2,10,3,-0.8660254037844386,0.5000000000000001,113.0,92.0,105.0,72.0,92.14285714285714,14.656381675213236,81.0,77.0
2019-10-31,25.37,77.85,26.43,14.56,0.8,11.5,81.0,3,10,3,-0.8660254037844386,0.5000000000000001,97.0,113.0,92.0,87.0,91.28571428571429,15.173598625181098,77.0,57.0
2019-11-01,16.55,57.59,25.78,14.62,0.65,13.02,77.0,4,11,3,-0.5000000000000004,0.8660254037844384,81.0,97.0,113.0,82.0,90.57142857142857,15.788784446109737,57.0,71.0
2019-11-02,11.99,39.96,23.12,14.22,0.64,9.88,57.0,5,11,3,-0.5000000000000004,0.8660254037844384,77.0,81.0,97.0,69.0,88.85714285714286,18.87174759111777,71.0,78.0
2019-11-03,20.09,62.74,23.86,15.36,0.72,10.7,71.0,6,11,3,-0.5000000000000004,0.8660254037844384,57.0,77.0,81.0,105.0,84.0,18.393839548428584,78.0,79.0
2019-11-04,28.41,66.83,26.02,13.21,0.84,16.42,78.0,0,11,3,-0.5000000000000004,0.8660254037844384,71.0,57.0,77.0,92.0,82.0,18.13835714721711,79.0,105.0
2019-11-05,36.96,76.94,30.58,15.39,0.85,22.29,79.0,1,11,3,-0.5000000000000004,0.8660254037844384,78.0,71.0,57.0,113.0,77.14285714285714,11.950293879630143,105.0,84.0
2019-11-06,52.87,101.96,37.21,12.45,1.01,20.34,105.0,2,11,3,-0.5000000000000004,0.8660254037844384,79.0,78.0,71.0,97.0,78.28571428571429,14.314494818356806,84.0,57.0
2019-11-07,19.26,52.22,20.79,9.31,0.61,13.36,84.0,3,11,3,-0.5000000000000004,0.8660254037844384,105.0,79.0,78.0,81.0,78.71428571428571,14.453538041073674,57.0,82.0
2019-11-08,12.19,41.81,22.57,8.53,0.61,15.25,57.0,4,11,3,-0.5000000000000004,0.8660254037844384,84.0,105.0,79.0,77.0,75.85714285714286,16.657616590502744,82.0,97.0
2019-11-09,27.12,73.34,31.47,8.97,0.8,14.44,82.0,5,11,3,-0.5000000000000004,0.8660254037844384,57.0,84.0,105.0,57.0,79.42857142857143,14.478226673838531,97.0,108.0
2019-11-10,49.51,98.73,30.33,9.21,1.02,21.17,97.0,6,11,3,-0.5000000000000004,0.8660254037844384,82.0,57.0,84.0,71.0,83.14285714285714,15.269016246728516,108.0,134.0
2019-11-11,57.72,106.42,39.04,10.26,1.12,26.65,108.0,0,11,3,-0.5000000000000004,0.8660254037844384,97.0,82.0,57.0,78.0,87.42857142857143,17.614928733483904,134.0,140.0
2019-11-12,69.7,132.42,42.53,12.41,1.21,32.22,134.0,1,11,3,-0.5000000000000004,0.8660254037844384,108.0,97.0,82.0,79.0,95.28571428571429,24.246747450014098,140.0,128.0
2019-11-13,64.9,122.75,47.12,9.55,1.03,28.58,140.0,2,11,3,-0.5000000000000004,0.8660254037844384,134.0,108.0,97.0,105.0,100.28571428571429,29.601319146924837,128.0,131.0
2019-11-14,62.54,123.27,45.44,11.34,0.79,31.66,128.0,3,11,3,-0.5000000000000004,0.8660254037844384,140.0,134.0,108.0,84.0,106.57142857142857,30.23164535635441,131.0,149.0
2019-11-15,69.75,128.01,48.03,10.86,0.88,29.62,131.0,4,11,3,-0.5000000000000004,0.8660254037844384,128.0,140.0,134.0,57.0,117.14285714285714,21.759508047660347,149.0,149.0
2019-11-16,77.05,135.69,42.82,15.39,0.86,31.08,149.0,5,11,3,-0.5000000000000004,0.8660254037844384,131.0,128.0,140.0,82.0,126.71428571428571,18.163280593129855,149.0,140.0
2019-11-17,70.89,123.26,35.4,21.01,0.93,28.13,149.0,6,11,3,-0.5000000000000004,0.8660254037844384,149.0,131.0,128.0,97.0,134.14285714285714,14.182484166846914,140.0,184.0
2019-11-18,72.13,125.42,41.1,14.91,0.89,40.98,140.0,0,11,3,-0.5000000000000004,0.8660254037844384,149.0,149.0,131.0,108.0,138.71428571428572,8.280786712108647,184.0,209.0
2019-11-19,90.92,163.46,52.54,10.58,1.17,33.36,184.0,1,11,3,-0.5000000000000004,0.8660254037844384,140.0,149.0,149.0,134.0,145.85714285714286,18.63177010224375,209.0,209.0
2019-11-20,91.86,171.91,51.64,10.92,1.22,33.38,209.0,2,11,3,-0.5000000000000004,0.8660254037844384,184.0,140.0,149.0,140.0,155.71428571428572,29.875933936388265,209.0,208.0
2019-11-21,92.37,167.92,49.5,11.59,1.16,29.5,209.0,3,11,3,-0.5000000000000004,0.8660254037844384,209.0,184.0,140.0,128.0,167.28571428571428,32.88725328408313,208.0,184.0
2019-11-22,87.03,163.02,47.1,17.75,1.07,31.78,208.0,4,11,3,-0.5000000000000004,0.8660254037844384,209.0,209.0,184.0,131.0,178.28571428571428,31.57907685854834,184.0,176.0
2019-11-23,82.21,154.89,42.15,16.27,1.08,28.57,184.0,5,11,3,-0.5000000000000004,0.8660254037844384,208.0,209.0,209.0,149.0,183.28571428571428,28.819636163064875,176.0,190.0
2019-11-24,82.78,149.57,41.2,15.66,0.98,40.96,176.0,6,11,3,-0.5000000000000004,0.8660254037844384,184.0,208.0,209.0,149.0,187.14285714285714,25.022846703420164,190.0,193.0
2019-11-25,89.06,159.83,44.9,13.78,1.06,36.41,190.0,0,11,3,-0.5000000000000004,0.8660254037844384,176.0,184.0,208.0,140.0,194.28571428571428,14.056010407346632,193.0,173.0
2019-11-26,83.45,158.37,47.23,17.3,1.07,39.16,193.0,1,11,3,-0.5000000000000004,0.8660254037844384,190.0,176.0,184.0,184.0,195.57142857142858,13.352367366340792,173.0,146.0
2019-11-27,73.81,143.06,40.31,16.55,0.94,23.19,173.0,2,11,3,-0.5000000000000004,0.8660254037844384,193.0,190.0,176.0,209.0,190.42857142857142,14.222718245318745,146.0,163.0
2019-11-28,71.95,142.88,49.86,17.73,1.1,35.46,146.0,3,11,3,-0.5000000000000004,0.8660254037844384,173.0,193.0,190.0,209.0,181.42857142857142,19.475259030003247,163.0,186.0
2019-11-29,81.38,148.72,43.02,16.65,1.21,28.14,163.0,4,11,3,-0.5000000000000004,0.8660254037844384,146.0,173.0,193.0,208.0,175.0,16.43167672515526,186.0,212.0
2019-11-30,87.36,158.29,44.13,17.05,1.05,31.04,186.0,5,11,3,-0.5000000000000004,0.8660254037844384,163.0,146.0,173.0,184.0,175.28571428571428,16.63043681240627,212.0,174.0
2019-12-01,94.89,168.1,40.69,16.74,1.27,27.11,212.0,6,12,0,-2.4492935982947064e-16,1.0,186.0,163.0,146.0,176.0,180.42857142857142,21.686071896166975,174.0,115.0
2019-12-02,64.67,120.78,36.01,14.84,1.02,29.09,174.0,0,12,0,-2.4492935982947064e-16,1.0,212.0,186.0,163.0,190.0,178.14285714285714,21.349696105788784,115.0,99.0
2019-12-03,39.87,98.1,33.4,14.4,0.93,20.33,115.0,1,12,0,-2.4492935982947064e-16,1.0,174.0,212.0,186.0,193.0,167.0,30.637667448202965,99.0,111.0
2019-12-04,49.87,109.16,33.59,10.19,0.89,25.2,99.0,2,12,0,-2.4492935982947064e-16,1.0,115.0,174.0,212.0,173.0,156.42857142857142,39.660463700672864,111.0,180.0
2019-12-05,65.29,121.72,36.28,9.91,1.01,19.03,111.0,3,12,0,-2.4492935982947064e-16,1.0,99.0,115.0,174.0,146.0,151.42857142857142,43.23909166042987,180.0,154.0
2019-12-06,83.28,149.35,37.76,11.19,1.0,25.39,180.0,4,12,0,-2.4492935982947064e-16,1.0,111.0,99.0,115.0,163.0,153.85714285714286,44.457577424733785,154.0,174.0
2019-12-07,70.54,140.48,42.12,10.58,0.96,33.03,154.0,5,12,0,-2.4492935982947064e-16,1.0,180.0,111.0,99.0,186.0,149.28571428571428,42.188917524686154,174.0,205.0
2019-12-08,88.13,157.73,43.61,11.77,1.05,39.85,174.0,6,12,0,-2.4492935982947064e-16,1.0,154.0,180.0,111.0,212.0,143.85714285714286,34.52259439569298,205.0,171.0
2019-12-09,82.73,147.34,42.56,12.12,1.14,37.94,205.0,0,12,0,-2.4492935982947064e-16,1.0,174.0,154.0,180.0,174.0,148.28571428571428,40.503968059579506,171.0,198.0
2019-12-10,82.73,150.62,46.79,13.51,1.22,37.99,171.0,1,12,0,-2.4492935982947064e-16,1.0,205.0,174.0,154.0,115.0,156.28571428571428,38.30454405469544,198.0,229.0
2019-12-11,95.77,169.34,44.51,14.82,1.29,28.02,198.0,2,12,0,-2.4492935982947064e-16,1.0,171.0,205.0,174.0,99.0,170.42857142857142,31.25623747274118,229.0,203.0
2019-12-12,95.21,169.26,41.68,16.04,1.32,31.95,229.0,3,12,0,-2.4492935982947064e-16,1.0,198.0,171.0,205.0,111.0,187.28571428571428,25.07132682112054,203.0,110.0
2019-12-13,72.43,132.97,39.02,14.48,1.02,32.43,203.0,4,12,0,-2.4492935982947064e-16,1.0,229.0,198.0,171.0,180.0,190.57142857142858,25.461455462830944,110.0,128.0
2019-12-14,50.06,110.41,36.34,12.67,0.99,33.34,110.0,5,12,0,-2.4492935982947064e-16,1.0,203.0,229.0,198.0,154.0,184.28571428571428,38.226144132492685,128.0,180.0
2019-12-15,69.63,143.27,40.24,12.47,1.15,34.86,128.0,6,12,0,-2.4492935982947064e-16,1.0,110.0,203.0,229.0,174.0,177.71428571428572,43.83193008798615,180.0,191.0
2019-12-16,89.46,161.83,39.26,13.46,1.34,33.36,180.0,0,12,0,-2.4492935982947064e-16,1.0,128.0,110.0,203.0,205.0,174.14285714285714,42.22727622216318,191.0,164.0
2019-12-17,80.42,149.67,37.31,10.74,1.18,38.95,191.0,1,12,0,-2.4492935982947064e-16,1.0,180.0,128.0,110.0,171.0,177.0,42.6536438459054,164.0,164.0
2019-12-18,73.92,137.11,37.22,10.17,0.92,40.44,164.0,2,12,0,-2.4492935982947064e-16,1.0,191.0,180.0,128.0,198.0,172.14285714285714,41.79086252371685,164.0,187.0
2019-12-19,75.17,138.83,38.8,9.88,0.98,35.35,164.0,3,12,0,-2.4492935982947064e-16,1.0,164.0,191.0,180.0,229.0,162.85714285714286,33.43864317137986,187.0,212.0
2019-12-20,94.27,169.49,49.03,10.1,1.14,39.76,187.0,4,12,0,-2.4492935982947064e-16,1.0,164.0,164.0,191.0,203.0,160.57142857142858,30.669513325435403,212.0,225.0
2019-12-21,94.04,174.95,45.96,10.79,1.25,27.67,212.0,5,12,0,-2.4492935982947064e-16,1.0,187.0,164.0,164.0,110.0,175.14285714285714,26.598424586358497,225.0,214.0
2019-12-22,94.72,171.39,41.58,11.57,1.21,26.98,225.0,6,12,0,-2.4492935982947064e-16,1.0,212.0,187.0,164.0,128.0,189.0,22.963739532866608,214.0,250.0
2019-12-23,94.33,167.3,37.77,13.41,1.18,30.36,214.0,0,12,0,-2.4492935982947064e-16,1.0,225.0,212.0,187.0,180.0,193.85714285714286,24.299715851758364,250.0,283.0
2019-12-24,122.89,205.91,46.54,11.52,1.28,41.44,250.0,1,12,0,-2.4492935982947064e-16,1.0,214.0,225.0,212.0,191.0,202.28571428571428,32.11808569282162,283.0,268.0
2019-12-25,134.32,215.78,44.73,10.77,1.26,28.58,283.0,2,12,0,-2.4492935982947064e-16,1.0,250.0,214.0,225.0,164.0,219.28571428571428,39.1906208410222,268.0,184.0
2019-12-26,87.5,152.83,34.22,10.49,0.98,29.76,268.0,3,12,0,-2.4492935982947064e-16,1.0,283.0,250.0,214.0,164.0,234.14285714285714,34.12442219988772,184.0,167.0
2019-12-27,88.03,154.44,39.77,10.27,1.02,32.89,184.0,4,12,0,-2.4492935982947064e-16,1.0,268.0,283.0,250.0,187.0,233.71428571428572,34.8267822502275,167.0,160.0
2019-12-28,75.77,140.33,35.86,8.75,0.98,33.43,167.0,5,12,0,-2.4492935982947064e-16,1.0,184.0,268.0,283.0,212.0,227.28571428571428,42.75400287580991,160.0,181.0
2019-12-29,75.81,145.75,36.07,9.36,0.98,36.88,160.0,6,12,0,-2.4492935982947064e-16,1.0,167.0,184.0,268.0,225.0,218.0,49.809637621649095,181.0,159.0
2019-12-30,86.42,155.08,36.03,9.28,1.03,41.98,181.0,0,12,0,-2.4492935982947064e-16,1.0,160.0,167.0,184.0,214.0,213.28571428571428,51.774235180941396,159.0,194.0
2019-12-31,65.76,127.82,37.46,10.47,0.82,56.55,159.0,1,12,0,-2.4492935982947064e-16,1.0,181.0,160.0,167.0,250.0,200.28571428571428,52.43953434103666,194.0,260.0
2020-01-01,104.06,183.88,46.39,10.98,1.22,45.97,194.0,2,1,0,0.49999999999999994,0.8660254037844387,159.0,181.0,160.0,283.0,187.57142857142858,37.78384638465293,260.0,221.0
2020-01-02,107.87,171.73,41.14,8.03,1.02,48.34,260.0,3,1,0,0.49999999999999994,0.8660254037844387,194.0,159.0,181.0,268.0,186.42857142857142,34.96120298682122,221.0,225.0
2020-01-03,93.64,157.8,40.42,7.94,0.97,48.31,221.0,4,1,0,0.49999999999999994,0.8660254037844387,260.0,194.0,159.0,184.0,191.71428571428572,37.254593836260845,225.0,229.0
2020-01-04,94.05,158.44,39.68,6.66,0.96,49.76,225.0,5,1,0,0.49999999999999994,0.8660254037844387,221.0,260.0,194.0,167.0,200.0,37.291643389192025,229.0,157.0
2020-01-05,91.04,162.68,39.93,7.9,1.1,39.59,229.0,6,1,0,0.49999999999999994,0.8660254037844387,225.0,221.0,260.0,160.0,209.85714285714286,33.92358359326924,157.0,177.0
2020-01-06,70.2,142.64,38.91,8.68,1.01,43.46,157.0,0,1,0,0.49999999999999994,0.8660254037844387,229.0,225.0,221.0,181.0,206.42857142857142,38.26163066248462,177.0,166.0
2020-01-07,87.2,165.84,42.33,9.46,1.29,31.33,177.0,1,1,0,0.49999999999999994,0.8660254037844387,157.0,229.0,225.0,159.0,209.0,35.009522514119915,166.0,122.0
2020-01-08,64.97,120.55,29.07,7.73,0.89,36.12,166.0,2,1,0,0.49999999999999994,0.8660254037844387,177.0,157.0,229.0,194.0,205.0,38.44043010512069,122.0,127.0
2020-01-09,59.98,126.87,38.98,8.96,0.85,39.85,122.0,3,1,0,0.49999999999999994,0.8660254037844387,166.0,177.0,157.0,260.0,185.28571428571428,40.84407050280491,127.0,151.0
2020-01-10,65.06,143.74,43.01,10.04,0.93,36.59,127.0,4,1,0,0.49999999999999994,0.8660254037844387,122.0,166.0,177.0,221.0,171.85714285714286,42.561440183294955,151.0,211.0
2020-01-11,76.71,162.07,43.56,10.12,1.08,38.7,151.0,5,1,0,0.49999999999999994,0.8660254037844387,127.0,122.0,166.0,225.0,161.28571428571428,35.81765991664959,211.0,178.0
2020-01-12,98.12,194.66,38.02,10.84,1.47,33.46,211.0,6,1,0,0.49999999999999994,0.8660254037844387,151.0,127.0,122.0,229.0,158.71428571428572,30.379347621447806,178.0,100.0
2020-01-13,68.39,120.46,29.65,6.73,0.84,28.54,178.0,0,1,0,0.49999999999999994,0.8660254037844387,211.0,151.0,127.0,157.0,161.71428571428572,31.207447218649047,100.0,97.0
2020-01-14,36.33,97.67,26.54,6.28,0.7,30.25,100.0,1,1,0,0.49999999999999994,0.8660254037844387,178.0,211.0,151.0,177.0,150.71428571428572,37.79644730092279,97.0,90.0
2020-01-15,30.53,91.62,30.43,6.32,0.65,37.85,97.0,2,1,0,0.49999999999999994,0.8660254037844387,100.0,178.0,211.0,166.0,140.85714285714286,41.91828786034639,90.0,93.0
2020-01-16,34.16,84.73,31.54,5.95,0.66,37.14,90.0,3,1,0,0.49999999999999994,0.8660254037844387,97.0,100.0,178.0,122.0,136.28571428571428,45.875608209280834,93.0,160.0
2020-01-17,51.0,115.87,41.19,6.3,0.68,38.68,93.0,4,1,0,0.49999999999999994,0.8660254037844387,90.0,97.0,100.0,127.0,131.42857142857142,48.73348316047589,160.0,213.0
2020-01-18,87.28,167.77,55.99,7.63,0.98,37.57,160.0,5,1,0,0.49999999999999994,0.8660254037844387,93.0,90.0,97.0,151.0,132.71428571428572,49.4493487847727,213.0,205.0
2020-01-19,96.1,195.03,48.29,8.28,1.12,35.96,213.0,6,1,0,0.49999999999999994,0.8660254037844387,160.0,93.0,90.0,211.0,133.0,49.97999599839927,205.0,227.0
2020-01-20,89.26,181.54,47.23,10.52,1.3,41.83,205.0,0,1,0,0.49999999999999994,0.8660254037844387,213.0,160.0,93.0,178.0,136.85714285714286,54.83742205048359,227.0,192.0
2020-01-21,96.99,207.73,44.95,10.32,1.58,37.38,227.0,1,1,0,0.49999999999999994,0.8660254037844387,205.0,213.0,160.0,100.0,155.0,61.245407991130286,192.0,196.0
2020-01-22,78.69,173.23,42.07,11.8,1.49,37.74,192.0,2,1,0,0.49999999999999994,0.8660254037844387,227.0,205.0,213.0,97.0,168.57142857142858,56.60052161967284,196.0,172.0
2020-01-23,87.78,189.99,44.52,11.77,1.24,40.14,196.0,3,1,0,0.49999999999999994,0.8660254037844387,192.0,227.0,205.0,90.0,183.71428571428572,45.08404849357956,172.0,182.0
2020-01-24,73.57,163.95,40.8,11.7,1.17,39.02,172.0,4,1,0,0.49999999999999994,0.8660254037844387,196.0,192.0,227.0,93.0,195.0,23.13727151877113,182.0,253.0
2020-01-25,91.57,192.11,43.88,14.01,1.32,47.99,182.0,5,1,0,0.49999999999999994,0.8660254037844387,172.0,196.0,192.0,160.0,198.14285714285714,18.64965210961127,253.0,183.0
2020-01-26,103.35,210.51,43.92,13.46,1.4,39.74,253.0,6,1,0,0.49999999999999994,0.8660254037844387,182.0,172.0,196.0,213.0,203.85714285714286,27.82941232717994,183.0,94.0
2020-01-27,57.22,120.42,29.0,10.5,0.76,35.14,183.0,0,1,0,0.49999999999999994,0.8660254037844387,253.0,182.0,172.0,205.0,200.71428571428572,28.900486072696072,94.0,85.0
2020-01-28,25.47,81.69,21.6,8.01,0.64,22.79,94.0,1,1,0,0.49999999999999994,0.8660254037844387,183.0,253.0,182.0,227.0,181.71428571428572,46.87115063559638,85.0,123.0
2020-01-29,19.77,97.0,22.88,4.22,0.56,37.65,85.0,2,1,0,0.49999999999999994,0.8660254037844387,94.0,183.0,253.0,192.0,166.42857142857142,58.86950864088346,123.0,145.0
2020-01-30,52.66,141.65,38.17,8.11,0.84,42.4,123.0,3,1,0,0.49999999999999994,0.8660254037844387,85.0,94.0,183.0,196.0,156.0,59.22274337898691,145.0,154.0
2020-01-31,65.97,158.62,43.82,8.65,1.03,42.66,145.0,4,1,0,0.49999999999999994,0.8660254037844387,123.0,85.0,94.0,172.0,152.14285714285714,58.885279913372194,154.0,183.0
2020-02-01,72.14,168.79,46.68,7.48,1.12,41.77,154.0,5,2,0,0.8660254037844386,0.5000000000000001,145.0,123.0,85.0,182.0,148.14285714285714,57.45267203367941,183.0,192.0
2020-02-02,80.79,186.22,38.05,8.75,1.31,37.43,183.0,6,2,0,0.8660254037844386,0.5000000000000001,154.0,145.0,123.0,253.0,138.14285714285714,39.42261859824715,192.0,178.0
2020-02-03,83.47,165.19,35.54,6.21,1.28,35.33,192.0,0,2,0,0.8660254037844386,0.5000000000000001,183.0,154.0,145.0,183.0,139.42857142857142,41.234520905252666,178.0,151.0
2020-02-04,77.73,151.8,40.07,7.25,0.77,55.83,178.0,1,2,0,0.8660254037844386,0.5000000000000001,192.0,183.0,154.0,94.0,151.42857142857142,37.89836031130792,151.0,138.0
2020-02-05,60.91,153.38,47.47,9.38,0.96,41.6,151.0,2,2,0,0.8660254037844386,0.5000000000000001,178.0,192.0,183.0,85.0,160.85714285714286,24.436506647695417,138.0,129.0
2020-02-06,47.67,127.57,36.64,7.87,0.87,52.05,138.0,3,2,0,0.8660254037844386,0.5000000000000001,151.0,178.0,192.0,123.0,163.0,20.976176963403155,129.0,133.0
2020-02-07,49.35,136.21,39.96,9.22,0.9,46.27,129.0,4,2,0,0.8660254037844386,0.5000000000000001,138.0,151.0,178.0,145.0,160.71428571428572,23.92846481852595,133.0,142.0
2020-02-08,68.47,151.73,39.85,7.72,1.0,47.02,133.0,5,2,0,0.8660254037844386,0.5000000000000001,129.0,138.0,151.0,154.0,157.71428571428572,26.126067989106865,142.0,134.0
2020-02-09,68.29,144.61,31.18,9.26,1.03,44.3,142.0,6,2,0,0.8660254037844386,0.5000000000000001,133.0,129.0,138.0,183.0,151.85714285714286,24.02379772523203,134.0,130.0
2020-02-10,56.58,129.32,36.19,8.38,0.93,45.84,134.0,0,2,0,0.8660254037844386,0.5000000000000001,142.0,133.0,129.0,192.0,143.57142857142858,16.781509098381328,130.0,136.0
2020-02-11,60.95,143.87,38.82,8.71,1.05,39.01,130.0,1,2,0,0.8660254037844386,0.5000000000000001,134.0,142.0,133.0,178.0,136.71428571428572,7.739816658343449,136.0,144.0
2020-02-12,60.53,145.25,48.17,8.9,1.1,38.14,136.0,2,2,0,0.8660254037844386,0.5000000000000001,130.0,134.0,142.0,151.0,134.57142857142858,4.540820148283448,144.0,141.0
2020-02-13,67.91,152.14,52.26,8.5,1.11,41.11,144.0,3,2,0,0.8660254037844386,0.5000000000000001,136.0,130.0,134.0,138.0,135.42857142857142,5.711308748356787,141.0,141.0
2020-02-14,58.14,149.22,48.61,9.01,0.87,46.83,141.0,4,2,0,0.8660254037844386,0.5000000000000001,144.0,136.0,130.0,129.0,137.14285714285714,5.24177360024251,141.0,147.0
2020-02-15,53.27,151.37,45.62,9.59,0.88,36.31,141.0,5,2,0,0.8660254037844386,0.5000000000000001,141.0,144.0,136.0,133.0,138.28571428571428,5.056820005837385,147.0,234.0
2020-02-16,68.93,165.51,47.33,10.41,0.95,54.41,147.0,6,2,0,0.8660254037844386,0.5000000000000001,141.0,141.0,144.0,142.0,139.0,5.944184833376388,234.0,217.0
2020-02-17,102.48,212.49,54.75,9.46,1.3,54.43,234.0,0,2,0,0.8660254037844386,0.5000000000000001,147.0,141.0,141.0,134.0,153.28571428571428,36.01719166228958,217.0,224.0
2020-02-18,88.15,201.4,61.16,12.09,1.25,51.79,217.0,1,2,0,0.8660254037844386,0.5000000000000001,234.0,147.0,141.0,130.0,165.71428571428572,41.27030524769717,224.0,175.0
2020-02-19,92.5,212.28,59.13,14.81,1.32,47.26,224.0,2,2,0,0.8660254037844386,0.5000000000000001,217.0,234.0,147.0,136.0,178.28571428571428,44.02163970031973,175.0,110.0
2020-02-20,62.8,146.64,46.33,10.38,1.0,27.28,175.0,3,2,0,0.8660254037844386,0.5000000000000001,224.0,217.0,234.0,144.0,182.71428571428572,41.483789145939475,110.0,121.0
2020-02-21,39.37,100.68,35.82,9.11,0.75,23.71,110.0,4,2,0,0.8660254037844386,0.5000000000000001,175.0,224.0,217.0,141.0,178.28571428571428,47.84598306272011,121.0,185.0
2020-02-22,65.93,157.96,53.25,12.37,0.97,43.03,121.0,5,2,0,0.8660254037844386,0.5000000000000001,110.0,175.0,224.0,141.0,175.42857142857142,50.9406751128446,185.0,176.0
2020-02-23,77.63,194.83,57.94,13.28,1.19,47.06,185.0,6,2,0,0.8660254037844386,0.5000000000000001,121.0,110.0,175.0,147.0,180.85714285714286,49.40792301992526,176.0,170.0
2020-02-24,84.7,185.63,56.76,12.73,1.22,46.95,176.0,0,2,0,0.8660254037844386,0.5000000000000001,185.0,121.0,110.0,234.0,172.57142857142858,43.52339272489817,170.0,130.0
2020-02-25,48.01,152.41,49.44,11.32,0.95,32.01,170.0,1,2,0,0.8660254037844386,0.5000000000000001,176.0,185.0,121.0,217.0,165.85714285714286,38.90770519845046,130.0,136.0
2020-02-26,41.03,131.59,50.32,14.57,0.75,46.17,130.0,2,2,0,0.8660254037844386,0.5000000000000001,170.0,176.0,185.0,224.0,152.42857142857142,30.891515247486964,136.0,173.0
2020-02-27,51.74,144.95,57.91,15.46,0.92,50.93,136.0,3,2,0,0.8660254037844386,0.5000000000000001,130.0,170.0,176.0,175.0,146.85714285714286,29.633475279535855,173.0,193.0
2020-02-28,77.61,185.24,71.94,16.66,1.37,43.82,173.0,4,2,0,0.8660254037844386,0.5000000000000001,136.0,130.0,170.0,110.0,155.85714285714286,25.906425016641386,193.0,125.0
2020-02-29,74.98,183.77,58.47,16.08,1.24,27.98,193.0,5,2,0,0.8660254037844386,0.5000000000000001,173.0,136.0,130.0,121.0,166.14285714285714,23.98213620891313,125.0,123.0
2020-03-01,43.39,121.29,32.11,13.19,0.65,23.93,125.0,6,3,1,1.0,6.123233995736766e-17,193.0,173.0,136.0,185.0,157.57142857142858,26.688681389040557,123.0,127.0
2020-03-02,52.18,142.49,28.46,16.93,0.77,19.25,123.0,0,3,1,1.0,6.123233995736766e-17,125.0,193.0,173.0,176.0,150.0,28.071337695236497,127.0,118.0
2020-03-03,43.68,137.1,26.55,17.25,0.46,27.79,127.0,1,3,1,1.0,6.123233995736766e-17,123.0,125.0,193.0,170.0,143.85714285714286,27.66724038418353,118.0,108.0
2020-03-04,36.73,122.49,27.93,15.98,0.52,27.16,118.0,2,3,1,1.0,6.123233995736766e-17,127.0,123.0,125.0,130.0,142.14285714285714,29.00820901876219,108.0,102.0
2020-03-05,32.59,108.48,26.95,17.87,0.53,21.06,108.0,3,3,1,1.0,6.123233995736766e-17,118.0,127.0,123.0,136.0,138.14285714285714,31.79323078596338,102.0,107.0
2020-03-06,20.15,105.77,19.07,17.17,0.43,18.27,102.0,4,3,1,1.0,6.123233995736766e-17,108.0,118.0,127.0,173.0,128.0,30.099833886584932,107.0,122.0
2020-03-07,24.45,131.04,23.93,9.15,0.48,27.96,107.0,5,3,1,1.0,6.123233995736766e-17,102.0,108.0,118.0,193.0,115.71428571428571,9.961831921795437,122.0,121.0
2020-03-08,27.0,125.15,31.81,9.73,0.57,30.18,122.0,6,3,1,1.0,6.123233995736766e-17,107.0,102.0,108.0,125.0,115.28571428571429,9.551863443229418,121.0,128.0
2020-03-09,35.03,134.18,31.06,9.61,0.67,28.36,121.0,0,3,1,1.0,6.123233995736766e-17,122.0,107.0,102.0,123.0,115.0,9.309493362513022,128.0,88.0
2020-03-10,40.47,125.98,20.36,12.7,0.77,22.31,128.0,1,3,1,1.0,6.123233995736766e-17,121.0,122.0,107.0,127.0,115.14285714285714,9.529403119268864,88.0,80.0
2020-03-11,16.04,74.65,19.18,11.07,0.43,24.98,88.0,2,3,1,1.0,6.123233995736766e-17,128.0,121.0,122.0,118.0,110.85714285714286,13.813382055439263,80.0,84.0
2020-03-12,18.59,80.55,24.74,10.72,0.49,22.72,80.0,3,3,1,1.0,6.123233995736766e-17,88.0,128.0,121.0,108.0,106.85714285714286,18.15147901621789,84.0,117.0
2020-03-13,23.81,108.48,30.64,7.84,0.5,34.81,84.0,4,3,1,1.0,6.123233995736766e-17,80.0,88.0,128.0,102.0,104.28571428571429,20.122245448874985,117.0,143.0
2020-03-14,30.33,126.36,34.81,7.96,0.58,41.79,117.0,5,3,1,1.0,6.123233995736766e-17,84.0,80.0,88.0,107.0,105.71428571428571,20.69391444937625,143.0,154.0
2020-03-15,49.84,175.84,41.75,12.24,1.01,36.0,143.0,6,3,1,1.0,6.123233995736766e-17,117.0,84.0,80.0,122.0,108.71428571428571,24.60158725038088,154.0,191.0
2020-03-16,57.99,190.49,53.12,14.86,1.24,40.61,154.0,0,3,1,1.0,6.123233995736766e-17,143.0,117.0,84.0,121.0,113.42857142857143,29.93246366326013,191.0,167.0
2020-03-17,78.54,204.96,52.95,15.1,1.66,45.85,191.0,1,3,1,1.0,6.123233995736766e-17,154.0,143.0,117.0,128.0,122.42857142857143,42.058915594109024,167.0,113.0
2020-03-18,52.03,150.71,42.38,11.79,1.02,40.01,167.0,2,3,1,1.0,6.123233995736766e-17,191.0,154.0,143.0,88.0,133.71428571428572,41.87964615305109,113.0,91.0
2020-03-19,30.33,99.38,26.7,7.97,0.6,31.9,113.0,3,3,1,1.0,6.123233995736766e-17,167.0,191.0,154.0,80.0,138.42857142857142,36.31279454433454,91.0,82.0
2020-03-20,21.08,84.44,14.85,6.6,0.5,19.03,91.0,4,3,1,1.0,6.123233995736766e-17,113.0,167.0,191.0,84.0,139.42857142857142,34.621078082853685,82.0,67.0
2020-03-21,20.14,67.91,16.51,11.0,0.47,24.3,82.0,5,3,1,1.0,6.123233995736766e-17,91.0,113.0,167.0,117.0,134.42857142857142,40.43866607945568,67.0,66.0
2020-03-22,16.75,53.27,9.46,12.08,0.36,27.87,67.0,6,3,1,1.0,6.123233995736766e-17,82.0,91.0,113.0,143.0,123.57142857142857,47.36333723763266,66.0,86.0
2020-03-23,23.48,64.7,11.07,12.02,0.42,32.77,66.0,0,3,1,1.0,6.123233995736766e-17,67.0,82.0,91.0,154.0,111.0,49.568134925574995,86.0,91.0
2020-03-24,35.58,92.81,12.34,8.75,0.52,38.04,86.0,1,3,1,1.0,6.123233995736766e-17,66.0,67.0,82.0,191.0,96.0,35.09985754956862,91.0,71.0
2020-03-25,30.86,77.24,11.34,8.32,0.5,31.58,91.0,2,3,1,1.0,6.123233995736766e-17,86.0,66.0,67.0,167.0,85.14285714285714,16.07719473279467,71.0,70.0
2020-03-26,27.82,65.48,11.3,10.16,0.43,26.73,71.0,3,3,1,1.0,6.123233995736766e-17,91.0,86.0,66.0,113.0,79.14285714285714,10.97616465238205,70.0,78.0
2020-03-27,24.81,69.65,8.64,7.19,0.4,35.76,70.0,4,3,1,1.0,6.123233995736766e-17,71.0,91.0,86.0,91.0,76.14285714285714,10.023781246425994,78.0,78.0
2020-03-28,28.14,67.46,11.9,7.55,0.48,38.94,78.0,5,3,1,1.0,6.123233995736766e-17,70.0,71.0,91.0,82.0,75.57142857142857,9.744351233016593,78.0,77.0
2020-03-29,23.43,66.1,9.89,7.27,0.42,47.85,78.0,6,3,1,1.0,6.123233995736766e-17,78.0,70.0,71.0,67.0,77.14285714285714,8.98941176104058,77.0,69.0
2020-03-30,23.57,63.65,9.66,6.86,0.43,39.26,77.0,0,3,1,1.0,6.123233995736766e-17,78.0,78.0,70.0,66.0,78.71428571428571,7.565586245500476,69.0,63.0
2020-03-31,25.36,63.61,9.0,7.26,0.46,29.17,69.0,1,3,1,1.0,6.123233995736766e-17,77.0,78.0,78.0,86.0,76.28571428571429,7.565586245500489,63.0,78.0
2020-04-01,20.08,58.94,7.77,6.55,0.4,31.73,63.0,2,4,1,0.8660254037844387,-0.4999999999999998,69.0,77.0,78.0,91.0,72.28571428571429,5.648430038937648,78.0,85.0
2020-04-02,26.27,77.19,8.62,6.84,0.43,37.54,78.0,3,4,1,0.8660254037844387,-0.4999999999999998,63.0,69.0,77.0,71.0,73.28571428571429,5.992058236096598,85.0,83.0
2020-04-03,24.33,83.88,7.58,6.49,0.39,29.94,85.0,4,4,1,0.8660254037844387,-0.4999999999999998,78.0,63.0,69.0,70.0,75.42857142857143,7.18463970001688,83.0,78.0
2020-04-04,24.7,78.44,7.94,6.47,0.42,28.5,83.0,5,4,1,0.8660254037844387,-0.4999999999999998,85.0,78.0,63.0,78.0,76.14285714285714,7.712080813645657,78.0,67.0
2020-04-05,27.36,73.53,8.48,6.67,0.44,28.81,78.0,6,4,1,0.8660254037844387,-0.4999999999999998,83.0,85.0,78.0,78.0,76.14285714285714,7.712080813645657,67.0,62.0
2020-04-06,20.82,54.45,6.55,7.06,0.36,23.34,67.0,0,4,1,0.8660254037844387,-0.4999999999999998,78.0,83.0,85.0,77.0,74.71428571428571,8.420496535524077,62.0,93.0
2020-04-07,24.1,79.61,6.24,7.06,0.36,18.93,62.0,1,4,1,0.8660254037844387,-0.4999999999999998,67.0,78.0,83.0,69.0,73.71428571428571,9.551863443229616,93.0,95.0
2020-04-08,29.52,98.54,6.72,6.95,0.37,14.77,93.0,2,4,1,0.8660254037844387,-0.4999999999999998,62.0,67.0,78.0,63.0,78.0,10.61445555206095,95.0,87.0
2020-04-09,28.3,93.39,6.81,8.89,0.38,15.14,95.0,3,4,1,0.8660254037844387,-0.4999999999999998,93.0,62.0,67.0,78.0,80.42857142857143,12.407754871546732,87.0,81.0
2020-04-10,25.89,83.39,6.96,8.49,0.37,20.75,87.0,4,4,1,0.8660254037844387,-0.4999999999999998,95.0,93.0,62.0,85.0,80.71428571428571,12.552745857836813,81.0,86.0
2020-04-11,29.54,82.21,7.98,7.97,0.44,21.8,81.0,5,4,1,0.8660254037844387,-0.4999999999999998,87.0,95.0,93.0,83.0,80.42857142857143,12.514753198487709,86.0,79.0
2020-04-12,28.26,81.99,9.13,7.79,0.45,20.04,86.0,6,4,1,0.8660254037844387,-0.4999999999999998,81.0,87.0,95.0,78.0,81.57142857142857,12.620844436317443,79.0,87.0
2020-04-13,25.58,75.31,9.18,7.39,0.44,16.16,79.0,0,4,1,0.8660254037844387,-0.4999999999999998,86.0,81.0,87.0,67.0,83.28571428571429,11.02594343226189,87.0,85.0
2020-04-14,26.89,81.61,10.47,7.61,0.53,18.91,87.0,1,4,1,0.8660254037844387,-0.4999999999999998,79.0,86.0,81.0,62.0,86.85714285714286,5.785861256217683,85.0,75.0
2020-04-15,26.61,66.58,9.77,7.78,0.72,19.93,85.0,2,4,1,0.8660254037844387,-0.4999999999999998,87.0,79.0,86.0,93.0,85.71428571428571,5.122313465428066,75.0,73.0
2020-04-16,20.55,55.03,9.16,6.73,0.59,19.32,75.0,3,4,1,0.8660254037844387,-0.4999999999999998,85.0,87.0,79.0,95.0,82.85714285714286,4.634241089563753,73.0,70.0
2020-04-17,20.54,53.53,7.89,6.36,0.64,16.09,73.0,4,4,1,0.8660254037844387,-0.4999999999999998,75.0,85.0,87.0,87.0,80.85714285714286,5.4902511001654375,70.0,74.0
2020-04-18,18.48,52.34,8.08,6.34,0.63,16.7,70.0,5,4,1,0.8660254037844387,-0.4999999999999998,73.0,75.0,85.0,81.0,79.28571428571429,6.848705126136811,74.0,82.0
2020-04-19,19.99,63.75,9.07,6.79,0.65,21.48,74.0,6,4,1,0.8660254037844387,-0.4999999999999998,70.0,73.0,75.0,86.0,77.57142857142857,6.373307431707529,82.0,76.0
2020-04-20,25.7,81.0,10.38,7.88,0.7,20.19,82.0,0,4,1,0.8660254037844387,-0.4999999999999998,74.0,70.0,73.0,79.0,78.0,6.582805886044652,76.0,61.0
2020-04-21,18.64,54.81,6.97,7.59,0.57,23.39,76.0,1,4,1,0.8660254037844387,-0.4999999999999998,82.0,74.0,70.0,87.0,76.42857142857143,5.255382728123466,61.0,67.0
2020-04-22,18.03,52.92,6.11,8.4,0.41,22.45,61.0,2,4,1,0.8660254037844387,-0.4999999999999998,76.0,82.0,74.0,85.0,73.0,6.429100507329488,67.0,58.0
2020-04-23,19.8,54.84,6.99,10.28,0.4,19.66,67.0,3,4,1,0.8660254037844387,-0.4999999999999998,61.0,76.0,82.0,75.0,71.85714285714286,6.718843437889301,58.0,57.0
2020-04-24,20.82,47.88,6.09,11.57,0.38,18.66,58.0,4,4,1,0.8660254037844387,-0.4999999999999998,67.0,61.0,76.0,73.0,69.71428571428571,8.459989868282328,57.0,63.0
2020-04-25,16.78,44.63,6.5,12.46,0.32,23.08,57.0,5,4,1,0.8660254037844387,-0.4999999999999998,58.0,67.0,61.0,70.0,67.85714285714286,9.719886340703868,63.0,60.0
2020-04-26,19.05,51.09,8.25,14.12,0.36,22.98,63.0,6,4,1,0.8660254037844387,-0.4999999999999998,57.0,58.0,67.0,74.0,66.28571428571429,9.44659172601984,60.0,60.0
2020-04-27,17.23,45.04,5.72,14.37,0.34,17.94,60.0,0,4,1,0.8660254037844387,-0.4999999999999998,63.0,57.0,58.0,82.0,63.142857142857146,6.568322247185238,60.0,77.0
2020-04-28,19.82,50.93,7.66,13.98,0.35,25.02,60.0,1,4,1,0.8660254037844387,-0.4999999999999998,60.0,63.0,57.0,76.0,60.857142857142854,3.338091841586847,77.0,68.0
2020-04-29,21.01,57.68,6.68,14.49,0.36,24.01,77.0,2,4,1,0.8660254037844387,-0.4999999999999998,60.0,60.0,63.0,61.0,63.142857142857146,6.962484504557397,68.0,61.0
2020-04-30,20.8,53.42,6.96,15.2,0.33,17.54,68.0,3,4,1,0.8660254037844387,-0.4999999999999998,77.0,60.0,60.0,67.0,63.285714285714285,7.064330251678022,61.0,53.0
2020-05-01,15.53,43.76,5.54,14.47,0.31,18.53,61.0,4,5,1,0.49999999999999994,-0.8660254037844387,68.0,77.0,60.0,58.0,63.714285714285715,6.775305299746519,53.0,53.0
2020-05-02,13.15,39.87,5.44,12.43,0.28,16.06,53.0,5,5,1,0.49999999999999994,-0.8660254037844387,61.0,68.0,77.0,57.0,63.142857142857146,7.5592894601852985,53.0,47.0
2020-05-03,12.02,34.64,5.28,12.04,0.27,15.22,53.0,6,5,1,0.49999999999999994,-0.8660254037844387,53.0,61.0,68.0,63.0,61.714285714285715,8.479667558623593,47.0,51.0
2020-05-04,11.51,33.77,5.21,11.52,0.28,14.68,47.0,0,5,1,0.49999999999999994,-0.8660254037844387,53.0,53.0,61.0,60.0,59.857142857142854,10.172324733127729,51.0,61.0
2020-05-05,11.2,42.66,6.59,10.62,0.29,16.25,51.0,1,5,1,0.49999999999999994,-0.8660254037844387,47.0,53.0,53.0,60.0,58.57142857142857,10.7060285642744,61.0,65.0
2020-05-06,12.09,55.6,6.71,12.95,0.3,17.43,61.0,2,5,1,0.49999999999999994,-0.8660254037844387,51.0,47.0,53.0,77.0,56.285714285714285,7.273565968957306,65.0,69.0
2020-05-07,14.3,52.48,6.24,20.98,0.35,19.58,65.0,3,5,1,0.49999999999999994,-0.8660254037844387,61.0,51.0,47.0,68.0,55.857142857142854,6.517376042258299,69.0,67.0
2020-05-08,15.26,60.85,5.62,29.68,0.38,21.41,69.0,4,5,1,0.49999999999999994,-0.8660254037844387,65.0,61.0,51.0,61.0,57.0,8.082903768655497,67.0,70.0
2020-05-09,14.21,54.67,5.12,32.49,0.3,21.56,67.0,5,5,1,0.49999999999999994,-0.8660254037844387,69.0,65.0,61.0,53.0,59.0,8.640987597877828,70.0,75.0
2020-05-10,13.08,49.13,3.32,32.18,0.3,19.12,70.0,6,5,1,0.49999999999999994,-0.8660254037844387,67.0,69.0,65.0,53.0,61.42857142857143,9.052755434252742,75.0,81.0
2020-05-11,16.85,57.84,6.4,28.8,0.36,18.86,75.0,0,5,1,0.49999999999999994,-0.8660254037844387,70.0,67.0,69.0,47.0,65.42857142857143,7.6997217018360855,81.0,74.0
2020-05-12,13.72,51.68,5.73,37.37,0.34,18.22,81.0,1,5,1,0.49999999999999994,-0.8660254037844387,75.0,70.0,67.0,51.0,69.71428571428571,6.600865744085358,74.0,65.0
2020-05-13,14.67,53.52,7.35,29.05,0.28,19.43,74.0,2,5,1,0.49999999999999994,-0.8660254037844387,81.0,75.0,70.0,61.0,71.57142857142857,5.47287684425584,65.0,70.0
2020-05-14,15.23,56.14,9.24,21.85,0.29,15.53,65.0,3,5,1,0.49999999999999994,-0.8660254037844387,74.0,81.0,75.0,65.0,71.57142857142857,5.47287684425584,70.0,79.0
2020-05-15,17.67,62.36,9.47,26.61,0.31,15.69,70.0,4,5,1,0.49999999999999994,-0.8660254037844387,65.0,74.0,81.0,69.0,71.71428571428571,5.407226205561039,79.0,119.0
2020-05-16,30.44,109.67,9.88,14.56,0.31,18.71,79.0,5,5,1,0.49999999999999994,-0.8660254037844387,70.0,65.0,74.0,67.0,73.42857142857143,5.563486402642825,119.0,86.0
2020-05-17,29.74,110.21,8.21,13.73,0.28,23.93,119.0,6,5,1,0.49999999999999994,-0.8660254037844387,79.0,70.0,65.0,70.0,80.42857142857143,17.831219278344125,86.0,74.0
2020-05-18,21.3,74.82,9.61,15.6,0.26,24.78,86.0,0,5,1,0.49999999999999994,-0.8660254037844387,119.0,79.0,70.0,75.0,82.0,17.757627469156557,74.0,66.0
2020-05-19,15.36,65.41,9.44,14.24,0.28,19.74,74.0,1,5,1,0.49999999999999994,-0.8660254037844387,86.0,119.0,79.0,81.0,81.0,18.01850900231972,66.0,57.0
2020-05-20,14.14,48.48,11.07,14.07,0.28,19.82,66.0,2,5,1,0.49999999999999994,-0.8660254037844387,74.0,86.0,119.0,74.0,79.85714285714286,18.77434926904793,57.0,51.0
2020-05-21,16.44,43.01,12.93,12.22,0.27,20.84,57.0,3,5,1,0.49999999999999994,-0.8660254037844387,66.0,74.0,86.0,65.0,78.71428571428571,20.030928466701326,51.0,55.0
2020-05-22,14.78,43.77,11.9,12.06,0.26,21.34,51.0,4,5,1,0.49999999999999994,-0.8660254037844387,57.0,66.0,74.0,70.0,76.0,22.538855339169526,55.0,55.0
2020-05-23,15.18,52.48,10.89,10.33,0.29,18.87,55.0,5,5,1,0.49999999999999994,-0.8660254037844387,51.0,57.0,66.0,79.0,72.57142857142857,23.796758482737207,55.0,54.0
2020-05-24,12.33,44.41,10.01,9.66,0.25,18.56,55.0,6,5,1,0.49999999999999994,-0.8660254037844387,55.0,51.0,57.0,119.0,63.42857142857143,12.686700948331412,54.0,57.0
2020-05-25,11.81,53.97,9.36,8.85,0.25,19.15,54.0,0,5,1,0.49999999999999994,-0.8660254037844387,55.0,55.0,51.0,86.0,58.857142857142854,8.153293228886307,57.0,59.0
2020-05-26,12.64,60.01,8.14,8.57,0.24,18.75,57.0,1,5,1,0.49999999999999994,-0.8660254037844387,54.0,55.0,55.0,74.0,56.42857142857143,4.685336802450186,59.0,56.0
2020-05-27,11.7,49.07,8.74,6.44,0.21,19.01,59.0,2,5,1,0.49999999999999994,-0.8660254037844387,57.0,54.0,55.0,66.0,55.42857142857143,2.5727509827149917,56.0,50.0
2020-05-28,12.21,46.97,7.43,6.76,0.22,18.17,56.0,3,5,1,0.49999999999999994,-0.8660254037844387,59.0,57.0,54.0,57.0,55.285714285714285,2.49761791275379,50.0,49.0
2020-05-29,7.33,30.7,7.02,7.58,0.26,17.14,50.0,4,5,1,0.49999999999999994,-0.8660254037844387,56.0,59.0,57.0,51.0,55.142857142857146,2.794552524025481,49.0,53.0
2020-05-30,10.08,42.19,6.63,6.93,0.27,14.37,49.0,5,5,1,0.49999999999999994,-0.8660254037844387,50.0,56.0,59.0,55.0,54.285714285714285,3.6384193323624383,53.0,48.0
2020-05-31,8.99,41.07,6.51,6.9,0.31,15.63,53.0,6,5,1,0.49999999999999994,-0.8660254037844387,49.0,50.0,56.0,55.0,54.0,3.65148371670296,48.0,52.0
2020-06-01,17.27,44.22,13.22,7.68,0.33,25.44,48.0,0,6,2,1.2246467991473532e-16,-1.0,53.0,49.0,50.0,54.0,53.142857142857146,4.298393941486064,52.0,50.0
2020-06-02,21.94,46.59,16.61,7.71,0.43,23.44,52.0,1,6,2,1.2246467991473532e-16,-1.0,48.0,53.0,49.0,57.0,52.42857142857143,3.9520940802391484,50.0,48.0
2020-06-03,8.38,19.05,12.38,7.7,0.28,22.89,50.0,2,6,2,1.2246467991473532e-16,-1.0,52.0,48.0,53.0,59.0,51.142857142857146,2.734262327613123,48.0,66.0
2020-06-04,20.53,47.52,15.73,10.03,0.34,17.66,48.0,3,6,2,1.2246467991473532e-16,-1.0,50.0,52.0,48.0,56.0,50.0,1.9148542155163302,66.0,46.0
2020-06-05,11.26,33.01,16.35,11.64,0.31,23.29,66.0,4,6,2,1.2246467991473532e-16,-1.0,48.0,50.0,52.0,50.0,52.285714285714285,6.343350474166549,46.0,49.0
2020-06-06,9.38,30.27,10.81,11.76,0.28,14.98,46.0,5,6,2,1.2246467991473532e-16,-1.0,66.0,48.0,50.0,49.0,51.857142857142854,6.693991620067775,49.0,50.0
2020-06-07,10.85,35.86,10.79,10.8,0.31,14.68,49.0,6,6,2,1.2246467991473532e-16,-1.0,46.0,66.0,48.0,53.0,51.285714285714285,6.75066134326426,50.0,47.0
2020-06-08,8.92,25.63,13.93,11.19,0.33,20.42,50.0,0,6,2,1.2246467991473532e-16,-1.0,49.0,46.0,66.0,48.0,51.57142857142857,6.629659188253553,47.0,48.0
2020-06-09,8.93,28.08,10.65,11.95,0.33,15.69,47.0,1,6,2,1.2246467991473532e-16,-1.0,50.0,49.0,46.0,52.0,50.857142857142854,6.841748592979554,48.0,48.0
2020-06-10,10.43,34.98,8.75,12.71,0.33,12.88,48.0,2,6,2,1.2246467991473532e-16,-1.0,47.0,50.0,49.0,50.0,50.57142857142857,6.924765768774774,48.0,52.0
2020-06-11,9.0,28.18,8.24,12.79,0.32,12.38,48.0,3,6,2,1.2246467991473532e-16,-1.0,48.0,47.0,50.0,48.0,50.57142857142857,6.924765768774774,52.0,54.0
2020-06-12,10.46,31.78,11.19,13.66,0.38,10.47,52.0,4,6,2,1.2246467991473532e-16,-1.0,48.0,48.0,47.0,66.0,48.57142857142857,1.988059594779582,54.0,51.0
2020-06-13,10.36,27.75,12.43,13.49,0.39,10.05,54.0,5,6,2,1.2246467991473532e-16,-1.0,52.0,48.0,48.0,46.0,49.714285714285715,2.497617912753929,51.0,49.0
2020-06-14,9.87,25.02,12.87,10.2,0.38,10.15,51.0,6,6,2,1.2246467991473532e-16,-1.0,54.0,52.0,48.0,49.0,50.0,2.5166114784263685,49.0,54.0
2020-06-15,10.58,27.54,14.08,11.14,0.4,9.59,49.0,0,6,2,1.2246467991473532e-16,-1.0,51.0,54.0,52.0,50.0,49.857142857142854,2.544836041124165,54.0,46.0
2020-06-16,9.59,22.68,13.97,11.24,0.44,13.5,54.0,1,6,2,1.2246467991473532e-16,-1.0,49.0,51.0,54.0,47.0,50.857142857142854,2.609506430254142,46.0,50.0
2020-06-17,6.62,21.38,14.26,11.22,0.41,10.55,46.0,2,6,2,1.2246467991473532e-16,-1.0,54.0,49.0,51.0,48.0,50.57142857142857,3.0472470011025083,50.0,58.0
2020-06-18,7.46,26.97,16.02,10.89,0.43,8.84,50.0,3,6,2,1.2246467991473532e-16,-1.0,46.0,54.0,49.0,48.0,50.857142857142854,2.8535691936364627,58.0,61.0
2020-06-19,14.69,54.73,11.74,10.96,0.42,8.68,58.0,4,6,2,1.2246467991473532e-16,-1.0,50.0,46.0,54.0,52.0,51.714285714285715,3.94606494769693,61.0,55.0
2020-06-20,11.97,52.15,8.43,10.72,0.34,8.3,61.0,5,6,2,1.2246467991473532e-16,-1.0,58.0,50.0,46.0,54.0,52.714285714285715,5.282495802627352,55.0,51.0
2020-06-21,9.27,41.0,9.94,11.43,0.32,9.32,55.0,6,6,2,1.2246467991473532e-16,-1.0,61.0,58.0,50.0,51.0,53.285714285714285,5.282495802627346,51.0,59.0
2020-06-22,12.61,47.23,10.56,8.82,0.39,8.49,51.0,0,6,2,1.2246467991473532e-16,-1.0,55.0,61.0,58.0,49.0,53.57142857142857,5.061526214400278,59.0,55.0
2020-06-23,9.56,32.9,14.83,5.01,0.38,9.94,59.0,1,6,2,1.2246467991473532e-16,-1.0,51.0,55.0,61.0,54.0,54.285714285714285,5.468524655222414,55.0,59.0
2020-06-24,8.73,30.22,11.76,4.77,0.4,9.34,55.0,2,6,2,1.2246467991473532e-16,-1.0,59.0,51.0,55.0,46.0,55.57142857142857,4.0766466144444005,59.0,57.0
2020-06-25,11.84,43.79,9.81,5.19,0.4,7.88,59.0,3,6,2,1.2246467991473532e-16,-1.0,55.0,59.0,51.0,50.0,56.857142857142854,3.3876526498747923,57.0,64.0
2020-06-26,13.82,47.1,8.6,7.66,0.42,6.02,57.0,4,6,2,1.2246467991473532e-16,-1.0,59.0,55.0,59.0,58.0,56.714285714285715,3.3523268393920778,64.0,64.0
2020-06-27,18.04,63.72,8.58,10.36,0.43,5.68,64.0,5,6,2,1.2246467991473532e-16,-1.0,57.0,59.0,55.0,61.0,57.142857142857146,4.099941927581048,64.0,54.0
2020-06-28,12.33,44.84,8.06,10.58,0.38,5.76,64.0,6,6,2,1.2246467991473532e-16,-1.0,64.0,57.0,59.0,55.0,58.42857142857143,4.685336802450172,54.0,54.0
2020-06-29,7.88,27.51,7.94,11.11,0.38,5.84,54.0,0,6,2,1.2246467991473532e-16,-1.0,64.0,64.0,57.0,51.0,58.857142857142854,3.976119189553654,54.0,53.0
